date,swe_in,depth_in,temp_f,precip_in,station_triplet,station_name,elevation_ft
2025-10-01,0.0,0,39.2,,1085:WA:SNTL,Cayuse Pass,5260
2025-10-02,0.0,0,39.7,,1085:WA:SNTL,Cayuse Pass,5260
2025-10-03,0.0,0,40.6,,1085:WA:SNTL,Cayuse Pass,5260
2025-10-04,0.0,0,38.5,,1085:WA:SNTL,Cayuse Pass,5260
2025-10-05,0.0,0,46.0,,1085:WA:SNTL,Cayuse Pass,5260
2025-10-06,0.0,0,49.5,,1085:WA:SNTL,Cayuse Pass,5260
2025-10-07,0.0,0,44.2,,1085:WA:SNTL,Cayuse Pass,5260
2025-10-08,0.0,0,46.6,,1085:WA:SNTL,Cayuse Pass,5260
2025-10-09,0.0,0,51.8,,1085:WA:SNTL,Cayuse Pass,5260
2025-10-10,0.0,0,36.7,,1085:WA:SNTL,Cayuse Pass,5260
2025-10-11,0.1,0,33.1,,1085:WA:SNTL,Cayuse Pass,5260
2025-10-12,0.6,3,30.6,,1085:WA:SNTL,Cayuse Pass,5260
2025-10-13,0.8,1,32.2,,1085:WA:SNTL,Cayuse Pass,5260
2025-10-14,0.6,2,35.6,,1085:WA:SNTL,Cayuse Pass,5260
2025-10-15,0.3,0,36.1,,1085:WA:SNTL,Cayuse Pass,5260
2025-10-16,0.1,0,35.2,,1085:WA:SNTL,Cayuse Pass,5260
2025-10-17,0.0,0,34.2,,1085:WA:SNTL,Cayuse Pass,5260
2025-10-18,0.1,0,39.0,,1085:WA:SNTL,Cayuse Pass,5260
2025-10-19,0.3,0,33.8,,1085:WA:SNTL,Cayuse Pass,5260
2025-10-20,0.0,0,37.9,,1085:WA:SNTL,Cayuse Pass,5260
2025-10-21,0.0,0,51.4,,1085:WA:SNTL,Cayuse Pass,5260
2025-10-22,0.0,0,38.7,,1085:WA:SNTL,Cayuse Pass,5260
2025-10-23,0.0,0,43.3,,1085:WA:SNTL,Cayuse Pass,5260
2025-10-24,0.1,0,32.5,,1085:WA:SNTL,Cayuse Pass,5260
2025-10-25,1.0,7,29.3,,1085:WA:SNTL,Cayuse Pass,5260
2025-10-26,2.4,16,27.5,,1085:WA:SNTL,Cayuse Pass,5260
2025-10-27,2.6,17,28.0,,1085:WA:SNTL,Cayuse Pass,5260
2025-10-28,2.6,12,37.2,,1085:WA:SNTL,Cayuse Pass,5260
2025-10-29,2.5,12,40.1,,1085:WA:SNTL,Cayuse Pass,5260
2025-10-30,2.4,11,39.2,,1085:WA:SNTL,Cayuse Pass,5260
2025-10-31,2.2,5,41.0,,1085:WA:SNTL,Cayuse Pass,5260
2025-11-01,0.8,2,32.2,,1085:WA:SNTL,Cayuse Pass,5260
2025-11-02,0.8,2,34.2,,1085:WA:SNTL,Cayuse Pass,5260
2025-11-03,1.9,10,30.9,,1085:WA:SNTL,Cayuse Pass,5260
2025-11-04,2.0,10,36.5,,1085:WA:SNTL,Cayuse Pass,5260
2025-11-05,1.7,4,36.0,,1085:WA:SNTL,Cayuse Pass,5260
2025-11-06,1.5,4,31.8,,1085:WA:SNTL,Cayuse Pass,5260
2025-11-07,2.2,8,31.1,,1085:WA:SNTL,Cayuse Pass,5260
2025-11-08,2.1,8,40.6,,1085:WA:SNTL,Cayuse Pass,5260
2025-11-09,1.4,3,49.3,,1085:WA:SNTL,Cayuse Pass,5260
2025-11-10,0.8,1,36.5,,1085:WA:SNTL,Cayuse Pass,5260
2025-11-11,0.5,0,44.1,,1085:WA:SNTL,Cayuse Pass,5260
2025-11-12,0.0,0,42.1,,1085:WA:SNTL,Cayuse Pass,5260
2025-11-13,0.0,0,39.4,,1085:WA:SNTL,Cayuse Pass,5260
2025-11-14,0.0,0,40.5,,1085:WA:SNTL,Cayuse Pass,5260
2025-11-15,0.0,0,43.7,,1085:WA:SNTL,Cayuse Pass,5260
2025-11-16,0.0,0,40.6,,1085:WA:SNTL,Cayuse Pass,5260
2025-11-17,0.0,0,27.9,,1085:WA:SNTL,Cayuse Pass,5260
2025-11-18,0.2,1,27.1,,1085:WA:SNTL,Cayuse Pass,5260
2025-11-19,0.2,1,30.4,,1085:WA:SNTL,Cayuse Pass,5260
2025-11-20,0.4,2,30.9,,1085:WA:SNTL,Cayuse Pass,5260
2025-11-21,0.4,3,35.8,,1085:WA:SNTL,Cayuse Pass,5260
2025-11-22,0.2,1,36.0,,1085:WA:SNTL,Cayuse Pass,5260
2025-11-23,0.3,1,28.9,,1085:WA:SNTL,Cayuse Pass,5260
2025-11-24,0.7,3,27.1,,1085:WA:SNTL,Cayuse Pass,5260
2025-11-25,1.8,11,31.5,,1085:WA:SNTL,Cayuse Pass,5260
2025-11-26,1.8,9,37.2,,1085:WA:SNTL,Cayuse Pass,5260
2025-11-27,3.0,13,32.2,,1085:WA:SNTL,Cayuse Pass,5260
2025-11-28,3.1,15,33.8,,1085:WA:SNTL,Cayuse Pass,5260
2025-11-29,3.1,15,26.6,,1085:WA:SNTL,Cayuse Pass,5260
2025-11-30,3.0,14,36.5,,1085:WA:SNTL,Cayuse Pass,5260
2025-12-01,3.1,12,28.9,,1085:WA:SNTL,Cayuse Pass,5260
2025-12-02,3.2,16,30.0,,1085:WA:SNTL,Cayuse Pass,5260
2025-12-03,3.2,13,30.0,,1085:WA:SNTL,Cayuse Pass,5260
2025-12-04,3.5,15,33.8,,1085:WA:SNTL,Cayuse Pass,5260
2025-12-05,3.6,10,34.5,,1085:WA:SNTL,Cayuse Pass,5260
2025-12-06,3.8,14,33.6,,1085:WA:SNTL,Cayuse Pass,5260
2025-12-07,4.8,17,35.1,,1085:WA:SNTL,Cayuse Pass,5260
2025-12-08,5.0,14,36.7,,1085:WA:SNTL,Cayuse Pass,5260
2025-12-09,5.4,19,40.3,,1085:WA:SNTL,Cayuse Pass,5260
2025-12-10,3.9,10,42.8,,1085:WA:SNTL,Cayuse Pass,5260
2025-12-11,3.2,8,42.1,,1085:WA:SNTL,Cayuse Pass,5260
2025-12-12,2.5,7,36.7,,1085:WA:SNTL,Cayuse Pass,5260
2025-12-13,2.2,6,47.5,,1085:WA:SNTL,Cayuse Pass,5260
2025-12-14,1.8,4,41.2,,1085:WA:SNTL,Cayuse Pass,5260
2025-12-15,0.8,2,33.6,,1085:WA:SNTL,Cayuse Pass,5260
2025-12-16,1.2,3,38.1,,1085:WA:SNTL,Cayuse Pass,5260
2025-12-17,1.5,8,28.0,,1085:WA:SNTL,Cayuse Pass,5260
2025-12-18,3.6,13,29.3,,1085:WA:SNTL,Cayuse Pass,5260
2025-12-19,4.4,19,25.2,,1085:WA:SNTL,Cayuse Pass,5260
2025-12-20,5.7,26,27.9,,1085:WA:SNTL,Cayuse Pass,5260
2025-12-21,6.0,29,28.0,,1085:WA:SNTL,Cayuse Pass,5260
2025-12-22,6.6,29,27.3,,1085:WA:SNTL,Cayuse Pass,5260
2025-12-23,6.7,30,30.4,,1085:WA:SNTL,Cayuse Pass,5260
2025-12-24,7.1,31,27.9,,1085:WA:SNTL,Cayuse Pass,5260
2025-12-25,7.4,31,29.8,,1085:WA:SNTL,Cayuse Pass,5260
2025-12-26,8.0,36,21.6,,1085:WA:SNTL,Cayuse Pass,5260
2025-12-27,8.0,34,20.8,,1085:WA:SNTL,Cayuse Pass,5260
2025-12-28,7.8,33,32.5,,1085:WA:SNTL,Cayuse Pass,5260
2025-12-29,7.8,32,39.0,,1085:WA:SNTL,Cayuse Pass,5260
2025-12-30,7.8,31,43.5,,1085:WA:SNTL,Cayuse Pass,5260
2025-12-31,7.8,30,,,1085:WA:SNTL,Cayuse Pass,5260
2026-01-01,8.0,27,38.5,,1085:WA:SNTL,Cayuse Pass,5260
2026-01-02,7.9,23,38.7,,1085:WA:SNTL,Cayuse Pass,5260
2026-01-03,8.0,24,32.7,,1085:WA:SNTL,Cayuse Pass,5260
2026-01-04,8.8,29,28.2,,1085:WA:SNTL,Cayuse Pass,5260
2026-01-05,9.3,31,24.6,,1085:WA:SNTL,Cayuse Pass,5260
2026-01-06,11.1,45,24.4,,1085:WA:SNTL,Cayuse Pass,5260
2026-01-07,12.3,52,23.5,,1085:WA:SNTL,Cayuse Pass,5260
2026-01-08,12.6,52,26.8,,1085:WA:SNTL,Cayuse Pass,5260
2026-01-09,12.7,51,31.6,,1085:WA:SNTL,Cayuse Pass,5260
2026-01-10,12.6,48,34.9,,1085:WA:SNTL,Cayuse Pass,5260
2026-01-11,13.4,47,37.9,,1085:WA:SNTL,Cayuse Pass,5260
2026-01-12,13.0,43,42.1,,1085:WA:SNTL,Cayuse Pass,5260
2026-01-13,12.7,41,51.1,,1085:WA:SNTL,Cayuse Pass,5260
2026-01-14,12.7,39,37.4,,1085:WA:SNTL,Cayuse Pass,5260
2026-01-15,12.6,38,45.9,,1085:WA:SNTL,Cayuse Pass,5260
2026-01-16,12.6,38,42.8,,1085:WA:SNTL,Cayuse Pass,5260
2026-01-17,12.5,38,50.7,,1085:WA:SNTL,Cayuse Pass,5260
2026-01-18,12.5,37,45.0,,1085:WA:SNTL,Cayuse Pass,5260
2026-01-19,12.5,36,47.8,,1085:WA:SNTL,Cayuse Pass,5260
2026-01-20,12.5,36,42.1,,1085:WA:SNTL,Cayuse Pass,5260
2026-01-21,12.6,36,40.6,,1085:WA:SNTL,Cayuse Pass,5260
2026-01-22,12.6,35,31.8,,1085:WA:SNTL,Cayuse Pass,5260
2026-01-23,12.9,35,34.2,,1085:WA:SNTL,Cayuse Pass,5260
2026-01-24,13.0,35,33.8,,1085:WA:SNTL,Cayuse Pass,5260
2026-01-25,12.9,34,34.9,,1085:WA:SNTL,Cayuse Pass,5260
2026-01-26,12.8,34,35.6,,1085:WA:SNTL,Cayuse Pass,5260
2026-01-27,12.9,33,31.8,,1085:WA:SNTL,Cayuse Pass,5260
2026-01-28,13.9,40,33.3,,1085:WA:SNTL,Cayuse Pass,5260
2026-01-29,15.3,48,34.0,,1085:WA:SNTL,Cayuse Pass,5260
2026-01-30,15.5,46,37.4,,1085:WA:SNTL,Cayuse Pass,5260
2026-01-31,15.2,43,44.8,,1085:WA:SNTL,Cayuse Pass,5260
2026-02-01,15.5,45,32.5,,1085:WA:SNTL,Cayuse Pass,5260
2026-02-02,16.1,47,38.1,,1085:WA:SNTL,Cayuse Pass,5260
2026-02-03,15.9,46,49.6,,1085:WA:SNTL,Cayuse Pass,5260
2026-02-04,15.3,43,55.0,,1085:WA:SNTL,Cayuse Pass,5260
2026-02-05,15.0,41,49.3,,1085:WA:SNTL,Cayuse Pass,5260
2026-02-06,14.8,41,40.8,,1085:WA:SNTL,Cayuse Pass,5260
2026-02-07,14.9,40,34.2,,1085:WA:SNTL,Cayuse Pass,5260
2026-02-08,15.0,41,29.3,,1085:WA:SNTL,Cayuse Pass,5260
2026-02-09,15.5,44,27.5,,1085:WA:SNTL,Cayuse Pass,5260
2026-02-10,15.6,42,29.7,,1085:WA:SNTL,Cayuse Pass,5260
2026-02-11,15.7,42,35.6,,1085:WA:SNTL,Cayuse Pass,5260
2026-02-12,15.7,42,29.8,,1085:WA:SNTL,Cayuse Pass,5260
2026-02-13,16.2,44,29.5,,1085:WA:SNTL,Cayuse Pass,5260
2026-02-14,16.5,47,27.5,,1085:WA:SNTL,Cayuse Pass,5260
2026-02-15,16.7,48,29.3,,1085:WA:SNTL,Cayuse Pass,5260
2026-02-16,16.9,49,21.6,,1085:WA:SNTL,Cayuse Pass,5260
2026-02-17,17.1,50,21.6,,1085:WA:SNTL,Cayuse Pass,5260
2026-02-18,17.7,54,21.4,,1085:WA:SNTL,Cayuse Pass,5260
2026-02-19,18.0,54,19.4,,1085:WA:SNTL,Cayuse Pass,5260
2026-02-20,18.0,54,21.7,,1085:WA:SNTL,Cayuse Pass,5260
2026-02-21,18.6,56,26.4,,1085:WA:SNTL,Cayuse Pass,5260
2026-02-22,19.4,60,32.7,,1085:WA:SNTL,Cayuse Pass,5260
2026-02-23,20.8,66,29.3,,1085:WA:SNTL,Cayuse Pass,5260
2026-02-24,21.4,69,23.7,,1085:WA:SNTL,Cayuse Pass,5260
2026-02-25,21.8,69,25.5,,1085:WA:SNTL,Cayuse Pass,5260
2026-02-26,22.1,68,28.4,,1085:WA:SNTL,Cayuse Pass,5260
2026-02-27,22.3,68,28.2,,1085:WA:SNTL,Cayuse Pass,5260
2026-02-28,22.3,66,43.3,,1085:WA:SNTL,Cayuse Pass,5260
2026-03-01,22.2,64,37.6,,1085:WA:SNTL,Cayuse Pass,5260
2026-03-02,21.9,61,36.3,,1085:WA:SNTL,Cayuse Pass,5260
2025-10-01,0.0,0,39.2,0.3,375:WA:SNTL,Bumping Ridge,4600
2025-10-02,0.0,0,38.3,0.0,375:WA:SNTL,Bumping Ridge,4600
2025-10-03,0.1,0,42.6,0.0,375:WA:SNTL,Bumping Ridge,4600
2025-10-04,0.0,0,36.5,0.0,375:WA:SNTL,Bumping Ridge,4600
2025-10-05,0.0,0,36.7,0.0,375:WA:SNTL,Bumping Ridge,4600
2025-10-06,0.0,0,44.6,0.0,375:WA:SNTL,Bumping Ridge,4600
2025-10-07,0.0,0,45.7,0.0,375:WA:SNTL,Bumping Ridge,4600
2025-10-08,0.0,0,44.6,0.0,375:WA:SNTL,Bumping Ridge,4600
2025-10-09,0.1,0,54.3,0.0,375:WA:SNTL,Bumping Ridge,4600
2025-10-10,0.0,0,38.3,0.1,375:WA:SNTL,Bumping Ridge,4600
2025-10-11,0.1,0,33.6,0.5,375:WA:SNTL,Bumping Ridge,4600
2025-10-12,0.2,1,30.2,0.4,375:WA:SNTL,Bumping Ridge,4600
2025-10-13,0.5,3,28.0,0.5,375:WA:SNTL,Bumping Ridge,4600
2025-10-14,0.4,2,26.4,0.0,375:WA:SNTL,Bumping Ridge,4600
2025-10-15,0.5,2,32.7,0.0,375:WA:SNTL,Bumping Ridge,4600
2025-10-16,0.4,1,39.2,0.0,375:WA:SNTL,Bumping Ridge,4600
2025-10-17,0.1,0,31.6,0.0,375:WA:SNTL,Bumping Ridge,4600
2025-10-18,0.2,0,41.0,0.5,375:WA:SNTL,Bumping Ridge,4600
2025-10-19,0.1,0,33.3,1.6,375:WA:SNTL,Bumping Ridge,4600
2025-10-20,0.0,0,33.8,0.0,375:WA:SNTL,Bumping Ridge,4600
2025-10-21,0.0,0,34.9,0.0,375:WA:SNTL,Bumping Ridge,4600
2025-10-22,0.0,0,40.5,0.0,375:WA:SNTL,Bumping Ridge,4600
2025-10-23,0.0,0,38.1,0.0,375:WA:SNTL,Bumping Ridge,4600
2025-10-24,0.0,0,33.1,0.8,375:WA:SNTL,Bumping Ridge,4600
2025-10-25,0.8,7,29.5,0.9,375:WA:SNTL,Bumping Ridge,4600
2025-10-26,1.4,13,27.5,0.9,375:WA:SNTL,Bumping Ridge,4600
2025-10-27,1.4,11,24.8,0.2,375:WA:SNTL,Bumping Ridge,4600
2025-10-28,1.7,9,37.2,0.3,375:WA:SNTL,Bumping Ridge,4600
2025-10-29,1.4,8,28.0,0.3,375:WA:SNTL,Bumping Ridge,4600
2025-10-30,1.3,7,28.8,0.0,375:WA:SNTL,Bumping Ridge,4600
2025-10-31,1.4,4,42.4,0.4,375:WA:SNTL,Bumping Ridge,4600
2025-11-01,0.4,1,32.9,2.2,375:WA:SNTL,Bumping Ridge,4600
2025-11-02,0.4,1,30.7,0.1,375:WA:SNTL,Bumping Ridge,4600
2025-11-03,1.1,5,29.8,0.6,375:WA:SNTL,Bumping Ridge,4600
2025-11-04,1.4,7,32.4,0.2,375:WA:SNTL,Bumping Ridge,4600
2025-11-05,1.2,4,36.9,1.3,375:WA:SNTL,Bumping Ridge,4600
2025-11-06,1.0,1,32.0,2.0,375:WA:SNTL,Bumping Ridge,4600
2025-11-07,1.1,4,29.1,0.4,375:WA:SNTL,Bumping Ridge,4600
2025-11-08,1.1,4,31.5,0.0,375:WA:SNTL,Bumping Ridge,4600
2025-11-09,1.1,4,46.4,0.0,375:WA:SNTL,Bumping Ridge,4600
2025-11-10,0.9,2,37.4,0.0,375:WA:SNTL,Bumping Ridge,4600
2025-11-11,0.8,2,35.6,0.0,375:WA:SNTL,Bumping Ridge,4600
2025-11-12,0.8,2,46.4,0.0,375:WA:SNTL,Bumping Ridge,4600
2025-11-13,0.1,0,40.3,0.6,375:WA:SNTL,Bumping Ridge,4600
2025-11-14,0.0,0,41.7,0.7,375:WA:SNTL,Bumping Ridge,4600
2025-11-15,0.0,0,42.3,0.0,375:WA:SNTL,Bumping Ridge,4600
2025-11-16,0.0,0,41.5,0.0,375:WA:SNTL,Bumping Ridge,4600
2025-11-17,0.0,0,28.4,0.2,375:WA:SNTL,Bumping Ridge,4600
2025-11-18,0.0,0,24.4,0.0,375:WA:SNTL,Bumping Ridge,4600
2025-11-19,0.0,0,29.5,0.0,375:WA:SNTL,Bumping Ridge,4600
2025-11-20,0.0,0,27.9,0.0,375:WA:SNTL,Bumping Ridge,4600
2025-11-21,0.0,0,34.2,0.0,375:WA:SNTL,Bumping Ridge,4600
2025-11-22,0.0,0,36.9,0.0,375:WA:SNTL,Bumping Ridge,4600
2025-11-23,0.0,0,28.9,0.4,375:WA:SNTL,Bumping Ridge,4600
2025-11-24,0.0,0,25.7,0.1,375:WA:SNTL,Bumping Ridge,4600
2025-11-25,0.6,6,32.7,0.4,375:WA:SNTL,Bumping Ridge,4600
2025-11-26,0.7,4,31.1,0.1,375:WA:SNTL,Bumping Ridge,4600
2025-11-27,1.6,10,30.0,0.9,375:WA:SNTL,Bumping Ridge,4600
2025-11-28,1.7,10,24.3,0.4,375:WA:SNTL,Bumping Ridge,4600
2025-11-29,1.7,7,20.1,0.0,375:WA:SNTL,Bumping Ridge,4600
2025-11-30,1.7,9,26.2,0.0,375:WA:SNTL,Bumping Ridge,4600
2025-12-01,1.8,9,31.3,0.0,375:WA:SNTL,Bumping Ridge,4600
2025-12-02,1.8,9,25.3,0.1,375:WA:SNTL,Bumping Ridge,4600
2025-12-03,1.8,9,28.6,0.0,375:WA:SNTL,Bumping Ridge,4600
2025-12-04,2.0,8,34.7,0.0,375:WA:SNTL,Bumping Ridge,4600
2025-12-05,2.0,7,34.2,0.6,375:WA:SNTL,Bumping Ridge,4600
2025-12-06,2.2,8,34.2,0.6,375:WA:SNTL,Bumping Ridge,4600
2025-12-07,2.6,8,35.8,1.0,375:WA:SNTL,Bumping Ridge,4600
2025-12-08,2.2,6,40.6,4.7,375:WA:SNTL,Bumping Ridge,4600
2025-12-09,2.5,5,42.1,2.1,375:WA:SNTL,Bumping Ridge,4600
2025-12-10,1.0,2,44.6,1.9,375:WA:SNTL,Bumping Ridge,4600
2025-12-11,0.2,0,43.9,0.4,375:WA:SNTL,Bumping Ridge,4600
2025-12-12,0.0,0,38.7,0.3,375:WA:SNTL,Bumping Ridge,4600
2025-12-13,0.0,0,47.7,0.0,375:WA:SNTL,Bumping Ridge,4600
2025-12-14,0.0,0,40.8,0.0,375:WA:SNTL,Bumping Ridge,4600
2025-12-15,0.0,0,33.1,2.3,375:WA:SNTL,Bumping Ridge,4600
2025-12-16,0.2,0,39.4,2.4,375:WA:SNTL,Bumping Ridge,4600
2025-12-17,0.4,6,28.4,1.5,375:WA:SNTL,Bumping Ridge,4600
2025-12-18,1.9,13,30.4,2.2,375:WA:SNTL,Bumping Ridge,4600
2025-12-19,2.2,14,25.2,0.7,375:WA:SNTL,Bumping Ridge,4600
2025-12-20,2.9,20,27.9,0.6,375:WA:SNTL,Bumping Ridge,4600
2025-12-21,3.2,22,28.6,0.3,375:WA:SNTL,Bumping Ridge,4600
2025-12-22,3.6,23,27.7,0.5,375:WA:SNTL,Bumping Ridge,4600
2025-12-23,3.6,23,27.5,0.1,375:WA:SNTL,Bumping Ridge,4600
2025-12-24,3.9,23,28.2,0.2,375:WA:SNTL,Bumping Ridge,4600
2025-12-25,4.2,24,28.2,0.4,375:WA:SNTL,Bumping Ridge,4600
2025-12-26,4.7,30,22.1,0.5,375:WA:SNTL,Bumping Ridge,4600
2025-12-27,4.7,28,20.3,0.2,375:WA:SNTL,Bumping Ridge,4600
2025-12-28,4.7,26,23.9,0.0,375:WA:SNTL,Bumping Ridge,4600
2025-12-29,4.6,24,20.1,0.1,375:WA:SNTL,Bumping Ridge,4600
2025-12-30,4.6,24,20.5,0.0,375:WA:SNTL,Bumping Ridge,4600
2025-12-31,4.6,23,,0.0,375:WA:SNTL,Bumping Ridge,4600
2026-01-01,5.2,22,32.2,0.3,375:WA:SNTL,Bumping Ridge,4600
2026-01-02,5.1,18,34.2,0.9,375:WA:SNTL,Bumping Ridge,4600
2026-01-03,5.1,17,33.1,0.3,375:WA:SNTL,Bumping Ridge,4600
2026-01-04,5.4,19,28.0,0.4,375:WA:SNTL,Bumping Ridge,4600
2026-01-05,5.4,19,24.4,0.2,375:WA:SNTL,Bumping Ridge,4600
2026-01-06,6.8,38,26.1,1.4,375:WA:SNTL,Bumping Ridge,4600
2026-01-07,7.3,40,23.9,0.7,375:WA:SNTL,Bumping Ridge,4600
2026-01-08,7.4,38,25.9,0.2,375:WA:SNTL,Bumping Ridge,4600
2026-01-09,7.4,35,31.3,0.0,375:WA:SNTL,Bumping Ridge,4600
2026-01-10,7.4,33,27.7,0.0,375:WA:SNTL,Bumping Ridge,4600
2026-01-11,7.7,32,33.3,0.3,375:WA:SNTL,Bumping Ridge,4600
2026-01-12,7.5,29,42.1,0.0,375:WA:SNTL,Bumping Ridge,4600
2026-01-13,7.5,28,39.6,0.0,375:WA:SNTL,Bumping Ridge,4600
2026-01-14,7.4,28,34.7,0.0,375:WA:SNTL,Bumping Ridge,4600
2026-01-15,7.4,27,29.7,0.0,375:WA:SNTL,Bumping Ridge,4600
2026-01-16,7.4,27,30.4,0.1,375:WA:SNTL,Bumping Ridge,4600
2026-01-17,7.3,27,25.7,0.0,375:WA:SNTL,Bumping Ridge,4600
2026-01-18,7.3,26,26.6,0.0,375:WA:SNTL,Bumping Ridge,4600
2026-01-19,7.2,26,38.3,0.0,375:WA:SNTL,Bumping Ridge,4600
2026-01-20,7.2,26,22.6,0.2,375:WA:SNTL,Bumping Ridge,4600
2026-01-21,7.2,26,13.1,0.0,375:WA:SNTL,Bumping Ridge,4600
2026-01-22,7.2,26,16.5,0.0,375:WA:SNTL,Bumping Ridge,4600
2026-01-23,7.1,26,11.8,0.0,375:WA:SNTL,Bumping Ridge,4600
2026-01-24,7.2,26,26.1,0.0,375:WA:SNTL,Bumping Ridge,4600
2026-01-25,7.2,26,28.6,0.0,375:WA:SNTL,Bumping Ridge,4600
2026-01-26,7.4,26,31.8,0.0,375:WA:SNTL,Bumping Ridge,4600
2026-01-27,7.5,26,28.8,0.0,375:WA:SNTL,Bumping Ridge,4600
2026-01-28,8.0,29,34.3,0.5,375:WA:SNTL,Bumping Ridge,4600
2026-01-29,8.2,28,35.8,0.9,375:WA:SNTL,Bumping Ridge,4600
2026-01-30,8.2,28,39.2,0.2,375:WA:SNTL,Bumping Ridge,4600
2026-01-31,8.1,26,33.3,0.1,375:WA:SNTL,Bumping Ridge,4600
2026-02-01,8.4,28,32.4,0.6,375:WA:SNTL,Bumping Ridge,4600
2026-02-02,8.8,30,35.6,0.4,375:WA:SNTL,Bumping Ridge,4600
2026-02-03,8.7,29,35.4,0.0,375:WA:SNTL,Bumping Ridge,4600
2026-02-04,8.8,28,35.1,0.0,375:WA:SNTL,Bumping Ridge,4600
2026-02-05,8.7,28,33.3,0.0,375:WA:SNTL,Bumping Ridge,4600
2026-02-06,8.6,27,42.3,0.0,375:WA:SNTL,Bumping Ridge,4600
2026-02-07,9.1,28,34.2,1.0,375:WA:SNTL,Bumping Ridge,4600
2026-02-08,8.9,28,29.1,0.1,375:WA:SNTL,Bumping Ridge,4600
2026-02-09,9.2,29,24.1,0.3,375:WA:SNTL,Bumping Ridge,4600
2026-02-10,9.2,29,22.3,0.1,375:WA:SNTL,Bumping Ridge,4600
2026-02-11,9.0,29,25.7,0.0,375:WA:SNTL,Bumping Ridge,4600
2026-02-12,8.8,29,29.1,0.0,375:WA:SNTL,Bumping Ridge,4600
2026-02-13,8.7,27,29.8,0.1,375:WA:SNTL,Bumping Ridge,4600
2026-02-14,8.8,32,27.3,0.1,375:WA:SNTL,Bumping Ridge,4600
2026-02-15,9.0,32,29.8,0.2,375:WA:SNTL,Bumping Ridge,4600
2026-02-16,9.2,32,20.5,0.3,375:WA:SNTL,Bumping Ridge,4600
2026-02-17,9.3,35,17.4,0.3,375:WA:SNTL,Bumping Ridge,4600
2026-02-18,9.5,35,20.3,0.1,375:WA:SNTL,Bumping Ridge,4600
2026-02-19,9.6,36,17.2,0.1,375:WA:SNTL,Bumping Ridge,4600
2026-02-20,9.6,36,19.8,0.0,375:WA:SNTL,Bumping Ridge,4600
2026-02-21,9.8,37,25.7,0.2,375:WA:SNTL,Bumping Ridge,4600
2026-02-22,10.2,41,33.4,0.2,375:WA:SNTL,Bumping Ridge,4600
2026-02-23,11.2,49,27.9,1.1,375:WA:SNTL,Bumping Ridge,4600
2026-02-24,11.6,48,23.9,0.4,375:WA:SNTL,Bumping Ridge,4600
2026-02-25,11.7,48,24.8,0.1,375:WA:SNTL,Bumping Ridge,4600
2026-02-26,11.8,45,28.0,0.0,375:WA:SNTL,Bumping Ridge,4600
2026-02-27,11.8,45,28.9,0.0,375:WA:SNTL,Bumping Ridge,4600
2026-02-28,11.9,45,30.2,0.0,375:WA:SNTL,Bumping Ridge,4600
2026-03-01,12.0,44,29.8,0.0,375:WA:SNTL,Bumping Ridge,4600
2026-03-02,11.9,43,37.2,0.0,375:WA:SNTL,Bumping Ridge,4600
2025-10-01,0.0,0,38.3,0.0,418:WA:SNTL,Corral Pass,5810
2025-10-02,0.1,0,38.8,0.1,418:WA:SNTL,Corral Pass,5810
2025-10-03,0.0,0,38.8,0.0,418:WA:SNTL,Corral Pass,5810
2025-10-04,0.0,0,36.5,0.1,418:WA:SNTL,Corral Pass,5810
2025-10-05,0.0,0,41.5,0.0,418:WA:SNTL,Corral Pass,5810
2025-10-06,0.2,0,50.0,0.1,418:WA:SNTL,Corral Pass,5810
2025-10-07,0.1,0,43.5,0.0,418:WA:SNTL,Corral Pass,5810
2025-10-08,0.1,0,44.6,0.0,418:WA:SNTL,Corral Pass,5810
2025-10-09,0.2,0,52.0,0.3,418:WA:SNTL,Corral Pass,5810
2025-10-10,0.1,0,35.2,0.0,418:WA:SNTL,Corral Pass,5810
2025-10-11,0.0,0,31.8,0.1,418:WA:SNTL,Corral Pass,5810
2025-10-12,0.5,7,29.1,0.4,418:WA:SNTL,Corral Pass,5810
2025-10-13,0.7,2,30.2,0.3,418:WA:SNTL,Corral Pass,5810
2025-10-14,0.8,4,35.2,0.0,418:WA:SNTL,Corral Pass,5810
2025-10-15,0.8,3,38.7,0.0,418:WA:SNTL,Corral Pass,5810
2025-10-16,0.8,0,38.1,0.1,418:WA:SNTL,Corral Pass,5810
2025-10-17,0.1,0,33.1,0.0,418:WA:SNTL,Corral Pass,5810
2025-10-18,0.2,0,39.9,0.9,418:WA:SNTL,Corral Pass,5810
2025-10-19,0.6,0,32.9,0.6,418:WA:SNTL,Corral Pass,5810
2025-10-20,0.2,0,37.2,0.0,418:WA:SNTL,Corral Pass,5810
2025-10-21,0.3,0,51.1,0.1,418:WA:SNTL,Corral Pass,5810
2025-10-22,0.1,0,37.0,0.0,418:WA:SNTL,Corral Pass,5810
2025-10-23,0.2,0,44.1,0.0,418:WA:SNTL,Corral Pass,5810
2025-10-24,0.3,0,30.6,0.7,418:WA:SNTL,Corral Pass,5810
2025-10-25,0.9,4,28.0,0.4,418:WA:SNTL,Corral Pass,5810
2025-10-26,1.3,9,26.6,0.3,418:WA:SNTL,Corral Pass,5810
2025-10-27,1.4,7,30.6,0.1,418:WA:SNTL,Corral Pass,5810
2025-10-28,1.6,3,35.2,0.6,418:WA:SNTL,Corral Pass,5810
2025-10-29,1.6,5,37.8,0.1,418:WA:SNTL,Corral Pass,5810
2025-10-30,1.7,5,43.2,0.2,418:WA:SNTL,Corral Pass,5810
2025-10-31,1.7,0,41.0,0.9,418:WA:SNTL,Corral Pass,5810
2025-11-01,0.8,0,31.1,0.6,418:WA:SNTL,Corral Pass,5810
2025-11-02,0.8,2,33.3,0.1,418:WA:SNTL,Corral Pass,5810
2025-11-03,1.2,3,31.6,0.3,418:WA:SNTL,Corral Pass,5810
2025-11-04,1.5,5,33.6,0.2,418:WA:SNTL,Corral Pass,5810
2025-11-05,1.9,5,34.2,1.2,418:WA:SNTL,Corral Pass,5810
2025-11-06,2.2,4,29.7,0.8,418:WA:SNTL,Corral Pass,5810
2025-11-07,2.5,6,28.4,0.3,418:WA:SNTL,Corral Pass,5810
2025-11-08,2.8,7,53.6,0.3,418:WA:SNTL,Corral Pass,5810
2025-11-09,2.5,5,45.5,0.0,418:WA:SNTL,Corral Pass,5810
2025-11-10,2.2,4,34.0,0.0,418:WA:SNTL,Corral Pass,5810
2025-11-11,2.3,6,43.0,0.0,418:WA:SNTL,Corral Pass,5810
2025-11-12,1.8,3,44.4,0.0,418:WA:SNTL,Corral Pass,5810
2025-11-13,0.9,0,38.3,0.2,418:WA:SNTL,Corral Pass,5810
2025-11-14,0.7,0,39.9,0.1,418:WA:SNTL,Corral Pass,5810
2025-11-15,0.3,0,41.9,0.0,418:WA:SNTL,Corral Pass,5810
2025-11-16,0.2,0,39.4,0.0,418:WA:SNTL,Corral Pass,5810
2025-11-17,0.1,0,25.9,0.0,418:WA:SNTL,Corral Pass,5810
2025-11-18,0.0,0,27.3,0.0,418:WA:SNTL,Corral Pass,5810
2025-11-19,0.1,0,29.1,0.1,418:WA:SNTL,Corral Pass,5810
2025-11-20,0.1,0,32.7,0.0,418:WA:SNTL,Corral Pass,5810
2025-11-21,0.0,0,40.8,0.2,418:WA:SNTL,Corral Pass,5810
2025-11-22,0.1,0,34.9,0.0,418:WA:SNTL,Corral Pass,5810
2025-11-23,0.2,0,26.1,0.2,418:WA:SNTL,Corral Pass,5810
2025-11-24,0.0,0,24.6,0.0,418:WA:SNTL,Corral Pass,5810
2025-11-25,1.2,4,34.2,0.7,418:WA:SNTL,Corral Pass,5810
2025-11-26,1.3,6,35.4,0.1,418:WA:SNTL,Corral Pass,5810
2025-11-27,2.2,9,33.3,0.4,418:WA:SNTL,Corral Pass,5810
2025-11-28,2.3,14,34.0,0.3,418:WA:SNTL,Corral Pass,5810
2025-11-29,2.1,10,22.6,0.0,418:WA:SNTL,Corral Pass,5810
2025-11-30,2.2,13,32.4,0.1,418:WA:SNTL,Corral Pass,5810
2025-12-01,2.5,9,32.7,0.2,418:WA:SNTL,Corral Pass,5810
2025-12-02,2.7,12,29.7,0.2,418:WA:SNTL,Corral Pass,5810
2025-12-03,2.8,8,29.7,0.1,418:WA:SNTL,Corral Pass,5810
2025-12-04,4.1,13,34.3,1.1,418:WA:SNTL,Corral Pass,5810
2025-12-05,4.4,10,33.1,0.6,418:WA:SNTL,Corral Pass,5810
2025-12-06,5.1,15,31.8,0.5,418:WA:SNTL,Corral Pass,5810
2025-12-07,5.6,19,34.2,0.4,418:WA:SNTL,Corral Pass,5810
2025-12-08,6.0,18,36.0,2.8,418:WA:SNTL,Corral Pass,5810
2025-12-09,6.9,20,41.7,1.4,418:WA:SNTL,Corral Pass,5810
2025-12-10,5.7,14,41.7,0.7,418:WA:SNTL,Corral Pass,5810
2025-12-11,5.1,12,41.0,0.9,418:WA:SNTL,Corral Pass,5810
2025-12-12,4.8,11,35.8,0.0,418:WA:SNTL,Corral Pass,5810
2025-12-13,5.0,13,46.2,0.1,418:WA:SNTL,Corral Pass,5810
2025-12-14,4.7,12,45.5,0.0,418:WA:SNTL,Corral Pass,5810
2025-12-15,4.0,7,32.2,0.7,418:WA:SNTL,Corral Pass,5810
2025-12-16,4.7,12,37.0,0.9,418:WA:SNTL,Corral Pass,5810
2025-12-17,5.1,14,27.1,0.5,418:WA:SNTL,Corral Pass,5810
2025-12-18,6.7,20,26.4,1.6,418:WA:SNTL,Corral Pass,5810
2025-12-19,7.1,25,23.2,0.3,418:WA:SNTL,Corral Pass,5810
2025-12-20,7.7,30,24.8,0.4,418:WA:SNTL,Corral Pass,5810
2025-12-21,8.0,32,26.4,0.4,418:WA:SNTL,Corral Pass,5810
2025-12-22,8.6,32,25.9,0.4,418:WA:SNTL,Corral Pass,5810
2025-12-23,8.8,31,28.4,0.2,418:WA:SNTL,Corral Pass,5810
2025-12-24,9.5,31,29.5,0.5,418:WA:SNTL,Corral Pass,5810
2025-12-25,9.7,31,28.2,0.1,418:WA:SNTL,Corral Pass,5810
2025-12-26,10.3,37,19.9,0.4,418:WA:SNTL,Corral Pass,5810
2025-12-27,10.4,37,18.9,0.1,418:WA:SNTL,Corral Pass,5810
2025-12-28,10.6,36,30.4,0.2,418:WA:SNTL,Corral Pass,5810
2025-12-29,10.7,35,45.1,0.0,418:WA:SNTL,Corral Pass,5810
2025-12-30,10.6,34,44.2,0.0,418:WA:SNTL,Corral Pass,5810
2025-12-31,10.6,33,,0.0,418:WA:SNTL,Corral Pass,5810
2026-01-01,10.6,32,38.3,0.2,418:WA:SNTL,Corral Pass,5810
2026-01-02,10.9,30,38.8,0.3,418:WA:SNTL,Corral Pass,5810
2026-01-03,11.2,32,33.8,0.1,418:WA:SNTL,Corral Pass,5810
2026-01-04,11.6,33,26.6,0.2,418:WA:SNTL,Corral Pass,5810
2026-01-05,11.6,32,21.9,0.0,418:WA:SNTL,Corral Pass,5810
2026-01-06,13.3,51,21.9,1.2,418:WA:SNTL,Corral Pass,5810
2026-01-07,13.6,50,23.2,0.4,418:WA:SNTL,Corral Pass,5810
2026-01-08,14.1,50,25.7,0.4,418:WA:SNTL,Corral Pass,5810
2026-01-09,14.2,48,37.6,0.1,418:WA:SNTL,Corral Pass,5810
2026-01-10,14.2,46,35.4,0.0,418:WA:SNTL,Corral Pass,5810
2026-01-11,14.4,43,41.4,0.4,418:WA:SNTL,Corral Pass,5810
2026-01-12,14.2,38,41.7,0.0,418:WA:SNTL,Corral Pass,5810
2026-01-13,14.2,38,49.8,0.0,418:WA:SNTL,Corral Pass,5810
2026-01-14,13.9,35,37.4,0.0,418:WA:SNTL,Corral Pass,5810
2026-01-15,14.1,37,44.4,0.0,418:WA:SNTL,Corral Pass,5810
2026-01-16,14.1,38,41.9,0.0,418:WA:SNTL,Corral Pass,5810
2026-01-17,14.2,37,48.6,0.0,418:WA:SNTL,Corral Pass,5810
2026-01-18,14.3,37,44.4,0.0,418:WA:SNTL,Corral Pass,5810
2026-01-19,14.4,37,42.8,0.0,418:WA:SNTL,Corral Pass,5810
2026-01-20,14.4,37,42.6,0.0,418:WA:SNTL,Corral Pass,5810
2026-01-21,14.4,37,37.0,0.0,418:WA:SNTL,Corral Pass,5810
2026-01-22,13.9,36,32.0,0.0,418:WA:SNTL,Corral Pass,5810
2026-01-23,13.5,36,30.7,0.0,418:WA:SNTL,Corral Pass,5810
2026-01-24,13.3,36,31.8,0.0,418:WA:SNTL,Corral Pass,5810
2026-01-25,13.0,36,31.5,0.0,418:WA:SNTL,Corral Pass,5810
2026-01-26,12.7,36,32.9,0.0,418:WA:SNTL,Corral Pass,5810
2026-01-27,12.6,36,33.1,0.0,418:WA:SNTL,Corral Pass,5810
2026-01-28,12.8,37,36.0,0.3,418:WA:SNTL,Corral Pass,5810
2026-01-29,13.2,39,37.6,0.2,418:WA:SNTL,Corral Pass,5810
2026-01-30,13.4,37,37.2,0.2,418:WA:SNTL,Corral Pass,5810
2026-01-31,13.7,36,44.4,0.0,418:WA:SNTL,Corral Pass,5810
2026-02-01,14.1,40,29.5,0.2,418:WA:SNTL,Corral Pass,5810
2026-02-02,14.7,38,37.9,0.5,418:WA:SNTL,Corral Pass,5810
2026-02-03,14.9,39,49.6,0.1,418:WA:SNTL,Corral Pass,5810
2026-02-04,14.9,37,54.3,0.0,418:WA:SNTL,Corral Pass,5810
2026-02-05,15.0,37,48.0,0.0,418:WA:SNTL,Corral Pass,5810
2026-02-06,15.0,37,39.7,0.0,418:WA:SNTL,Corral Pass,5810
2026-02-07,15.0,35,33.4,0.0,418:WA:SNTL,Corral Pass,5810
2026-02-08,14.9,35,28.2,0.0,418:WA:SNTL,Corral Pass,5810
2026-02-09,15.0,37,24.8,0.0,418:WA:SNTL,Corral Pass,5810
2026-02-10,14.8,38,27.1,0.0,418:WA:SNTL,Corral Pass,5810
2026-02-11,14.9,37,35.1,0.0,418:WA:SNTL,Corral Pass,5810
2026-02-12,14.9,36,27.3,0.0,418:WA:SNTL,Corral Pass,5810
2026-02-13,15.3,38,28.6,0.2,418:WA:SNTL,Corral Pass,5810
2026-02-14,16.2,38,25.7,0.1,418:WA:SNTL,Corral Pass,5810
2026-02-15,16.9,38,26.2,0.0,418:WA:SNTL,Corral Pass,5810
2026-02-16,17.2,40,17.4,0.0,418:WA:SNTL,Corral Pass,5810
2026-02-17,17.3,41,19.4,0.2,418:WA:SNTL,Corral Pass,5810
2026-02-18,17.3,50,19.4,0.4,418:WA:SNTL,Corral Pass,5810
2026-02-19,16.8,47,16.0,0.1,418:WA:SNTL,Corral Pass,5810
2026-02-20,16.1,45,20.7,0.1,418:WA:SNTL,Corral Pass,5810
2026-02-21,15.7,46,27.5,0.2,418:WA:SNTL,Corral Pass,5810
2026-02-22,15.7,46,33.8,0.3,418:WA:SNTL,Corral Pass,5810
2026-02-23,16.6,57,28.4,0.8,418:WA:SNTL,Corral Pass,5810
2026-02-24,16.7,56,19.4,0.1,418:WA:SNTL,Corral Pass,5810
2026-02-25,16.8,51,23.0,0.1,418:WA:SNTL,Corral Pass,5810
2026-02-26,17.0,52,25.0,0.0,418:WA:SNTL,Corral Pass,5810
2026-02-27,17.2,51,26.1,0.0,418:WA:SNTL,Corral Pass,5810
2026-02-28,17.4,51,41.7,0.1,418:WA:SNTL,Corral Pass,5810
2026-03-01,17.7,50,37.2,0.0,418:WA:SNTL,Corral Pass,5810
2026-03-02,17.7,46,34.3,0.1,418:WA:SNTL,Corral Pass,5810
2025-10-01,0.2,0,43.7,0.5,420:WA:SNTL,Cougar Mountain,3210
2025-10-02,0.2,0,43.3,0.0,420:WA:SNTL,Cougar Mountain,3210
2025-10-03,0.3,0,45.5,0.0,420:WA:SNTL,Cougar Mountain,3210
2025-10-04,0.2,0,42.3,0.1,420:WA:SNTL,Cougar Mountain,3210
2025-10-05,0.2,0,43.7,0.0,420:WA:SNTL,Cougar Mountain,3210
2025-10-06,0.5,0,56.5,0.0,420:WA:SNTL,Cougar Mountain,3210
2025-10-07,0.4,0,47.3,0.0,420:WA:SNTL,Cougar Mountain,3210
2025-10-08,0.2,1,42.4,0.0,420:WA:SNTL,Cougar Mountain,3210
2025-10-09,0.4,0,45.7,0.3,420:WA:SNTL,Cougar Mountain,3210
2025-10-10,0.2,1,41.9,0.3,420:WA:SNTL,Cougar Mountain,3210
2025-10-11,0.1,1,39.0,1.1,420:WA:SNTL,Cougar Mountain,3210
2025-10-12,0.0,0,36.1,0.3,420:WA:SNTL,Cougar Mountain,3210
2025-10-13,0.1,0,40.6,0.0,420:WA:SNTL,Cougar Mountain,3210
2025-10-14,0.1,0,43.2,0.0,420:WA:SNTL,Cougar Mountain,3210
2025-10-15,0.0,0,39.2,0.0,420:WA:SNTL,Cougar Mountain,3210
2025-10-16,0.2,0,41.7,0.0,420:WA:SNTL,Cougar Mountain,3210
2025-10-17,0.1,0,38.1,0.0,420:WA:SNTL,Cougar Mountain,3210
2025-10-18,0.2,0,43.9,0.8,420:WA:SNTL,Cougar Mountain,3210
2025-10-19,0.1,1,39.7,0.9,420:WA:SNTL,Cougar Mountain,3210
2025-10-20,0.1,1,38.3,0.1,420:WA:SNTL,Cougar Mountain,3210
2025-10-21,0.2,0,49.3,0.0,420:WA:SNTL,Cougar Mountain,3210
2025-10-22,0.3,1,44.2,0.0,420:WA:SNTL,Cougar Mountain,3210
2025-10-23,0.2,1,43.9,0.0,420:WA:SNTL,Cougar Mountain,3210
2025-10-24,0.1,1,37.6,1.7,420:WA:SNTL,Cougar Mountain,3210
2025-10-25,0.0,0,35.4,0.2,420:WA:SNTL,Cougar Mountain,3210
2025-10-26,0.3,1,34.7,0.8,420:WA:SNTL,Cougar Mountain,3210
2025-10-27,0.3,2,36.1,0.6,420:WA:SNTL,Cougar Mountain,3210
2025-10-28,0.1,1,40.5,0.7,420:WA:SNTL,Cougar Mountain,3210
2025-10-29,0.0,0,35.1,0.4,420:WA:SNTL,Cougar Mountain,3210
2025-10-30,0.1,0,41.7,0.0,420:WA:SNTL,Cougar Mountain,3210
2025-10-31,0.2,0,46.0,1.1,420:WA:SNTL,Cougar Mountain,3210
2025-11-01,0.0,0,35.8,1.9,420:WA:SNTL,Cougar Mountain,3210
2025-11-02,0.0,0,40.1,0.2,420:WA:SNTL,Cougar Mountain,3210
2025-11-03,0.0,0,36.7,0.3,420:WA:SNTL,Cougar Mountain,3210
2025-11-04,0.0,0,41.5,0.0,420:WA:SNTL,Cougar Mountain,3210
2025-11-05,0.1,1,41.4,0.6,420:WA:SNTL,Cougar Mountain,3210
2025-11-06,0.1,0,36.9,2.3,420:WA:SNTL,Cougar Mountain,3210
2025-11-07,0.0,0,34.9,0.7,420:WA:SNTL,Cougar Mountain,3210
2025-11-08,0.1,0,44.6,0.0,420:WA:SNTL,Cougar Mountain,3210
2025-11-09,0.2,0,47.5,0.0,420:WA:SNTL,Cougar Mountain,3210
2025-11-10,0.1,1,38.5,0.0,420:WA:SNTL,Cougar Mountain,3210
2025-11-11,0.1,0,45.7,0.0,420:WA:SNTL,Cougar Mountain,3210
2025-11-12,0.2,1,43.9,0.0,420:WA:SNTL,Cougar Mountain,3210
2025-11-13,0.2,0,44.1,0.8,420:WA:SNTL,Cougar Mountain,3210
2025-11-14,0.2,0,44.6,0.9,420:WA:SNTL,Cougar Mountain,3210
2025-11-15,0.2,0,48.4,0.3,420:WA:SNTL,Cougar Mountain,3210
2025-11-16,0.2,1,44.6,0.2,420:WA:SNTL,Cougar Mountain,3210
2025-11-17,0.0,0,33.4,0.5,420:WA:SNTL,Cougar Mountain,3210
2025-11-18,0.0,0,31.5,0.1,420:WA:SNTL,Cougar Mountain,3210
2025-11-19,0.0,0,37.6,0.0,420:WA:SNTL,Cougar Mountain,3210
2025-11-20,0.0,0,34.7,0.0,420:WA:SNTL,Cougar Mountain,3210
2025-11-21,0.0,0,40.6,0.0,420:WA:SNTL,Cougar Mountain,3210
2025-11-22,0.0,0,40.8,0.0,420:WA:SNTL,Cougar Mountain,3210
2025-11-23,0.0,0,32.7,1.0,420:WA:SNTL,Cougar Mountain,3210
2025-11-24,0.0,0,32.2,0.1,420:WA:SNTL,Cougar Mountain,3210
2025-11-25,0.0,1,33.4,0.5,420:WA:SNTL,Cougar Mountain,3210
2025-11-26,0.0,0,38.3,0.0,420:WA:SNTL,Cougar Mountain,3210
2025-11-27,0.0,0,36.5,0.9,420:WA:SNTL,Cougar Mountain,3210
2025-11-28,0.0,0,36.1,0.0,420:WA:SNTL,Cougar Mountain,3210
2025-11-29,0.0,0,30.4,0.1,420:WA:SNTL,Cougar Mountain,3210
2025-11-30,0.0,0,32.5,0.0,420:WA:SNTL,Cougar Mountain,3210
2025-12-01,0.2,1,32.9,0.3,420:WA:SNTL,Cougar Mountain,3210
2025-12-02,0.4,1,31.6,0.4,420:WA:SNTL,Cougar Mountain,3210
2025-12-03,0.4,1,34.7,0.0,420:WA:SNTL,Cougar Mountain,3210
2025-12-04,0.3,1,38.5,0.9,420:WA:SNTL,Cougar Mountain,3210
2025-12-05,0.0,0,39.2,1.0,420:WA:SNTL,Cougar Mountain,3210
2025-12-06,0.0,0,39.0,1.2,420:WA:SNTL,Cougar Mountain,3210
2025-12-07,0.0,0,40.6,1.2,420:WA:SNTL,Cougar Mountain,3210
2025-12-08,0.0,0,41.2,5.8,420:WA:SNTL,Cougar Mountain,3210
2025-12-09,0.0,0,46.8,2.2,420:WA:SNTL,Cougar Mountain,3210
2025-12-10,0.0,0,46.8,6.2,420:WA:SNTL,Cougar Mountain,3210
2025-12-11,0.0,0,45.5,3.2,420:WA:SNTL,Cougar Mountain,3210
2025-12-12,0.0,0,42.4,0.3,420:WA:SNTL,Cougar Mountain,3210
2025-12-13,0.0,0,48.2,0.0,420:WA:SNTL,Cougar Mountain,3210
2025-12-14,0.0,0,47.1,0.0,420:WA:SNTL,Cougar Mountain,3210
2025-12-15,0.0,0,38.3,2.6,420:WA:SNTL,Cougar Mountain,3210
2025-12-16,0.0,0,43.2,1.6,420:WA:SNTL,Cougar Mountain,3210
2025-12-17,0.0,0,32.9,1.1,420:WA:SNTL,Cougar Mountain,3210
2025-12-18,0.1,1,32.5,2.0,420:WA:SNTL,Cougar Mountain,3210
2025-12-19,0.5,3,30.9,0.5,420:WA:SNTL,Cougar Mountain,3210
2025-12-20,1.3,7,33.1,0.8,420:WA:SNTL,Cougar Mountain,3210
2025-12-21,1.7,7,32.9,0.4,420:WA:SNTL,Cougar Mountain,3210
2025-12-22,2.1,11,31.3,0.5,420:WA:SNTL,Cougar Mountain,3210
2025-12-23,2.2,11,34.3,0.2,420:WA:SNTL,Cougar Mountain,3210
2025-12-24,2.0,9,36.7,0.0,420:WA:SNTL,Cougar Mountain,3210
2025-12-25,2.0,8,34.3,0.2,420:WA:SNTL,Cougar Mountain,3210
2025-12-26,2.7,10,28.2,0.8,420:WA:SNTL,Cougar Mountain,3210
2025-12-27,3.1,12,26.6,0.4,420:WA:SNTL,Cougar Mountain,3210
2025-12-28,3.0,12,34.7,0.0,420:WA:SNTL,Cougar Mountain,3210
2025-12-29,3.0,12,37.6,0.0,420:WA:SNTL,Cougar Mountain,3210
2025-12-30,3.0,11,31.3,0.0,420:WA:SNTL,Cougar Mountain,3210
2025-12-31,2.9,11,,0.0,420:WA:SNTL,Cougar Mountain,3210
2026-01-01,3.1,10,33.6,0.1,420:WA:SNTL,Cougar Mountain,3210
2026-01-02,2.7,9,42.8,0.4,420:WA:SNTL,Cougar Mountain,3210
2026-01-03,2.3,7,37.4,0.3,420:WA:SNTL,Cougar Mountain,3210
2026-01-04,2.6,7,33.1,0.9,420:WA:SNTL,Cougar Mountain,3210
2026-01-05,2.8,9,31.1,0.2,420:WA:SNTL,Cougar Mountain,3210
2026-01-06,4.1,15,31.3,1.2,420:WA:SNTL,Cougar Mountain,3210
2026-01-07,4.4,19,30.4,0.2,420:WA:SNTL,Cougar Mountain,3210
2026-01-08,4.8,19,33.1,0.4,420:WA:SNTL,Cougar Mountain,3210
2026-01-09,5.0,18,34.7,0.6,420:WA:SNTL,Cougar Mountain,3210
2026-01-10,4.9,17,38.5,0.0,420:WA:SNTL,Cougar Mountain,3210
2026-01-11,4.6,16,41.4,0.5,420:WA:SNTL,Cougar Mountain,3210
2026-01-12,4.0,12,46.6,0.0,420:WA:SNTL,Cougar Mountain,3210
2026-01-13,3.4,10,50.5,0.0,420:WA:SNTL,Cougar Mountain,3210
2026-01-14,3.0,9,41.0,0.0,420:WA:SNTL,Cougar Mountain,3210
2026-01-15,2.6,8,47.5,0.0,420:WA:SNTL,Cougar Mountain,3210
2026-01-16,2.0,6,47.1,0.0,420:WA:SNTL,Cougar Mountain,3210
2026-01-17,1.4,4,40.1,0.0,420:WA:SNTL,Cougar Mountain,3210
2026-01-18,1.0,2,51.4,0.0,420:WA:SNTL,Cougar Mountain,3210
2026-01-19,0.7,2,47.1,0.1,420:WA:SNTL,Cougar Mountain,3210
2026-01-20,0.4,1,34.7,0.2,420:WA:SNTL,Cougar Mountain,3210
2026-01-21,1.1,2,27.1,0.1,420:WA:SNTL,Cougar Mountain,3210
2026-01-22,1.3,2,25.0,0.0,420:WA:SNTL,Cougar Mountain,3210
2026-01-23,1.3,3,26.4,0.0,420:WA:SNTL,Cougar Mountain,3210
2026-01-24,1.5,3,33.6,0.0,420:WA:SNTL,Cougar Mountain,3210
2026-01-25,1.3,3,34.9,0.0,420:WA:SNTL,Cougar Mountain,3210
2026-01-26,1.4,2,37.2,0.0,420:WA:SNTL,Cougar Mountain,3210
2026-01-27,1.3,2,34.2,0.1,420:WA:SNTL,Cougar Mountain,3210
2026-01-28,1.2,2,38.7,0.5,420:WA:SNTL,Cougar Mountain,3210
2026-01-29,0.9,1,38.7,1.0,420:WA:SNTL,Cougar Mountain,3210
2026-01-30,0.5,1,43.3,0.4,420:WA:SNTL,Cougar Mountain,3210
2026-01-31,0.0,0,44.2,0.1,420:WA:SNTL,Cougar Mountain,3210
2026-02-01,0.0,0,37.0,0.6,420:WA:SNTL,Cougar Mountain,3210
2026-02-02,0.0,0,42.3,0.5,420:WA:SNTL,Cougar Mountain,3210
2026-02-03,0.0,0,43.9,0.0,420:WA:SNTL,Cougar Mountain,3210
2026-02-04,0.0,0,42.1,0.0,420:WA:SNTL,Cougar Mountain,3210
2026-02-05,0.0,0,41.5,0.0,420:WA:SNTL,Cougar Mountain,3210
2026-02-06,0.0,0,42.6,0.0,420:WA:SNTL,Cougar Mountain,3210
2026-02-07,0.0,0,40.5,0.8,420:WA:SNTL,Cougar Mountain,3210
2026-02-08,0.0,0,34.0,0.3,420:WA:SNTL,Cougar Mountain,3210
2026-02-09,0.0,0,34.0,0.3,420:WA:SNTL,Cougar Mountain,3210
2026-02-10,0.0,0,37.2,0.0,420:WA:SNTL,Cougar Mountain,3210
2026-02-11,0.0,0,38.7,0.0,420:WA:SNTL,Cougar Mountain,3210
2026-02-12,0.0,0,35.4,0.0,420:WA:SNTL,Cougar Mountain,3210
2026-02-13,0.0,0,32.7,0.4,420:WA:SNTL,Cougar Mountain,3210
2026-02-14,0.0,1,30.6,0.2,420:WA:SNTL,Cougar Mountain,3210
2026-02-15,0.0,1,32.2,0.0,420:WA:SNTL,Cougar Mountain,3210
2026-02-16,0.0,0,25.0,0.2,420:WA:SNTL,Cougar Mountain,3210
2026-02-17,0.5,4,27.7,0.2,420:WA:SNTL,Cougar Mountain,3210
2026-02-18,0.6,6,27.9,0.3,420:WA:SNTL,Cougar Mountain,3210
2026-02-19,0.6,4,22.8,0.1,420:WA:SNTL,Cougar Mountain,3210
2026-02-20,0.6,5,28.6,0.0,420:WA:SNTL,Cougar Mountain,3210
2026-02-21,0.7,5,34.7,0.0,420:WA:SNTL,Cougar Mountain,3210
2026-02-22,0.7,4,34.9,0.1,420:WA:SNTL,Cougar Mountain,3210
2026-02-23,1.1,5,32.4,0.6,420:WA:SNTL,Cougar Mountain,3210
2026-02-24,1.2,6,29.3,0.1,420:WA:SNTL,Cougar Mountain,3210
2026-02-25,1.2,6,31.6,0.0,420:WA:SNTL,Cougar Mountain,3210
2026-02-26,1.2,6,34.0,0.0,420:WA:SNTL,Cougar Mountain,3210
2026-02-27,1.1,5,,0.0,420:WA:SNTL,Cougar Mountain,3210
2026-02-28,1.1,5,37.9,0.0,420:WA:SNTL,Cougar Mountain,3210
2026-03-01,0.9,4,38.7,0.0,420:WA:SNTL,Cougar Mountain,3210
2026-03-02,0.8,4,39.7,0.0,420:WA:SNTL,Cougar Mountain,3210
2025-10-01,0.1,0,39.6,0.5,642:WA:SNTL,Morse Lake,5400
2025-10-02,0.1,0,38.7,0.1,642:WA:SNTL,Morse Lake,5400
2025-10-03,0.1,0,41.4,0.0,642:WA:SNTL,Morse Lake,5400
2025-10-04,0.1,0,37.6,0.3,642:WA:SNTL,Morse Lake,5400
2025-10-05,0.1,0,34.5,0.1,642:WA:SNTL,Morse Lake,5400
2025-10-06,0.1,0,39.9,0.0,642:WA:SNTL,Morse Lake,5400
2025-10-07,0.1,0,46.4,0.0,642:WA:SNTL,Morse Lake,5400
2025-10-08,0.1,0,42.4,0.0,642:WA:SNTL,Morse Lake,5400
2025-10-09,0.1,0,42.6,0.2,642:WA:SNTL,Morse Lake,5400
2025-10-10,0.1,0,37.4,0.1,642:WA:SNTL,Morse Lake,5400
2025-10-11,0.2,0,33.4,0.6,642:WA:SNTL,Morse Lake,5400
2025-10-12,0.5,1,30.4,0.5,642:WA:SNTL,Morse Lake,5400
2025-10-13,0.8,3,27.5,0.5,642:WA:SNTL,Morse Lake,5400
2025-10-14,0.8,1,24.6,0.0,642:WA:SNTL,Morse Lake,5400
2025-10-15,0.8,2,32.7,0.0,642:WA:SNTL,Morse Lake,5400
2025-10-16,0.6,0,39.2,0.0,642:WA:SNTL,Morse Lake,5400
2025-10-17,0.2,0,32.7,0.0,642:WA:SNTL,Morse Lake,5400
2025-10-18,0.2,0,40.3,0.4,642:WA:SNTL,Morse Lake,5400
2025-10-19,0.4,0,33.6,1.1,642:WA:SNTL,Morse Lake,5400
2025-10-20,0.2,0,33.1,0.1,642:WA:SNTL,Morse Lake,5400
2025-10-21,0.2,0,32.9,0.0,642:WA:SNTL,Morse Lake,5400
2025-10-22,0.2,0,39.6,0.0,642:WA:SNTL,Morse Lake,5400
2025-10-23,0.1,0,39.4,0.0,642:WA:SNTL,Morse Lake,5400
2025-10-24,0.3,0,32.9,1.5,642:WA:SNTL,Morse Lake,5400
2025-10-25,1.6,10,30.0,1.1,642:WA:SNTL,Morse Lake,5400
2025-10-26,2.5,17,26.2,1.2,642:WA:SNTL,Morse Lake,5400
2025-10-27,2.6,14,23.7,0.2,642:WA:SNTL,Morse Lake,5400
2025-10-28,2.9,13,34.5,0.5,642:WA:SNTL,Morse Lake,5400
2025-10-29,2.8,9,27.1,0.4,642:WA:SNTL,Morse Lake,5400
2025-10-30,2.7,8,26.2,0.0,642:WA:SNTL,Morse Lake,5400
2025-10-31,2.7,9,38.1,0.3,642:WA:SNTL,Morse Lake,5400
2025-11-01,2.1,5,32.5,2.2,642:WA:SNTL,Morse Lake,5400
2025-11-02,2.2,3,29.5,0.1,642:WA:SNTL,Morse Lake,5400
2025-11-03,3.0,12,30.0,0.6,642:WA:SNTL,Morse Lake,5400
2025-11-04,3.2,12,33.6,0.4,642:WA:SNTL,Morse Lake,5400
2025-11-05,3.8,14,34.7,2.0,642:WA:SNTL,Morse Lake,5400
2025-11-06,4.1,12,31.5,1.8,642:WA:SNTL,Morse Lake,5400
2025-11-07,4.4,13,28.4,0.4,642:WA:SNTL,Morse Lake,5400
2025-11-08,4.3,11,32.4,0.0,642:WA:SNTL,Morse Lake,5400
2025-11-09,4.3,8,36.5,0.0,642:WA:SNTL,Morse Lake,5400
2025-11-10,4.1,12,36.0,0.0,642:WA:SNTL,Morse Lake,5400
2025-11-11,4.1,12,37.8,0.0,642:WA:SNTL,Morse Lake,5400
2025-11-12,4.0,10,39.2,0.2,642:WA:SNTL,Morse Lake,5400
2025-11-13,3.4,11,39.4,0.9,642:WA:SNTL,Morse Lake,5400
2025-11-14,3.1,9,41.4,0.3,642:WA:SNTL,Morse Lake,5400
2025-11-15,2.7,6,39.0,0.2,642:WA:SNTL,Morse Lake,5400
2025-11-16,2.4,4,39.6,0.0,642:WA:SNTL,Morse Lake,5400
2025-11-17,2.3,5,28.8,0.2,642:WA:SNTL,Morse Lake,5400
2025-11-18,2.3,4,24.1,0.2,642:WA:SNTL,Morse Lake,5400
2025-11-19,2.2,4,29.5,0.0,642:WA:SNTL,Morse Lake,5400
2025-11-20,2.5,3,26.6,0.0,642:WA:SNTL,Morse Lake,5400
2025-11-21,2.5,3,34.7,0.0,642:WA:SNTL,Morse Lake,5400
2025-11-22,2.5,4,36.0,0.0,642:WA:SNTL,Morse Lake,5400
2025-11-23,2.7,5,28.6,0.3,642:WA:SNTL,Morse Lake,5400
2025-11-24,2.6,5,25.2,0.3,642:WA:SNTL,Morse Lake,5400
2025-11-25,3.0,8,33.1,0.1,642:WA:SNTL,Morse Lake,5400
2025-11-26,3.0,8,33.3,0.1,642:WA:SNTL,Morse Lake,5400
2025-11-27,4.2,17,30.6,1.0,642:WA:SNTL,Morse Lake,5400
2025-11-28,4.3,15,21.9,0.4,642:WA:SNTL,Morse Lake,5400
2025-11-29,4.3,14,18.1,0.0,642:WA:SNTL,Morse Lake,5400
2025-11-30,4.3,12,25.9,0.0,642:WA:SNTL,Morse Lake,5400
2025-12-01,4.3,16,34.3,0.1,642:WA:SNTL,Morse Lake,5400
2025-12-02,4.6,19,24.6,0.4,642:WA:SNTL,Morse Lake,5400
2025-12-03,4.6,20,30.7,0.0,642:WA:SNTL,Morse Lake,5400
2025-12-04,5.1,19,34.3,0.6,642:WA:SNTL,Morse Lake,5400
2025-12-05,5.1,15,35.6,0.3,642:WA:SNTL,Morse Lake,5400
2025-12-06,5.3,13,33.6,0.3,642:WA:SNTL,Morse Lake,5400
2025-12-07,6.2,18,34.7,0.9,642:WA:SNTL,Morse Lake,5400
2025-12-08,6.6,19,37.8,3.1,642:WA:SNTL,Morse Lake,5400
2025-12-09,7.8,21,41.5,1.5,642:WA:SNTL,Morse Lake,5400
2025-12-10,6.9,17,45.3,0.6,642:WA:SNTL,Morse Lake,5400
2025-12-11,6.3,15,41.0,0.5,642:WA:SNTL,Morse Lake,5400
2025-12-12,6.2,11,32.9,0.1,642:WA:SNTL,Morse Lake,5400
2025-12-13,6.3,14,34.5,0.0,642:WA:SNTL,Morse Lake,5400
2025-12-14,5.8,14,42.6,0.0,642:WA:SNTL,Morse Lake,5400
2025-12-15,5.2,9,35.6,1.9,642:WA:SNTL,Morse Lake,5400
2025-12-16,6.7,18,37.6,2.1,642:WA:SNTL,Morse Lake,5400
2025-12-17,7.7,28,28.6,1.6,642:WA:SNTL,Morse Lake,5400
2025-12-18,10.1,30,29.8,2.3,642:WA:SNTL,Morse Lake,5400
2025-12-19,10.2,30,25.7,0.3,642:WA:SNTL,Morse Lake,5400
2025-12-20,10.7,31,28.4,0.5,642:WA:SNTL,Morse Lake,5400
2025-12-21,10.8,32,28.6,0.8,642:WA:SNTL,Morse Lake,5400
2025-12-22,11.5,36,27.7,0.7,642:WA:SNTL,Morse Lake,5400
2025-12-23,11.6,36,28.6,0.1,642:WA:SNTL,Morse Lake,5400
2025-12-24,12.2,40,25.0,0.7,642:WA:SNTL,Morse Lake,5400
2025-12-25,12.7,45,28.6,0.4,642:WA:SNTL,Morse Lake,5400
2025-12-26,13.2,49,21.6,0.5,642:WA:SNTL,Morse Lake,5400
2025-12-27,13.3,45,19.8,0.2,642:WA:SNTL,Morse Lake,5400
2025-12-28,13.3,43,28.0,0.0,642:WA:SNTL,Morse Lake,5400
2025-12-29,13.3,38,23.2,0.1,642:WA:SNTL,Morse Lake,5400
2025-12-30,13.3,36,27.3,0.0,642:WA:SNTL,Morse Lake,5400
2025-12-31,13.4,35,,0.0,642:WA:SNTL,Morse Lake,5400
2026-01-01,14.0,41,34.3,0.1,642:WA:SNTL,Morse Lake,5400
2026-01-02,14.1,37,34.7,0.4,642:WA:SNTL,Morse Lake,5400
2026-01-03,14.7,39,33.3,0.6,642:WA:SNTL,Morse Lake,5400
2026-01-04,15.2,44,28.2,0.8,642:WA:SNTL,Morse Lake,5400
2026-01-05,15.2,46,23.7,0.4,642:WA:SNTL,Morse Lake,5400
2026-01-06,16.5,60,25.3,0.7,642:WA:SNTL,Morse Lake,5400
2026-01-07,17.1,58,24.3,0.5,642:WA:SNTL,Morse Lake,5400
2026-01-08,17.6,57,26.2,0.8,642:WA:SNTL,Morse Lake,5400
2026-01-09,17.5,56,30.0,0.2,642:WA:SNTL,Morse Lake,5400
2026-01-10,17.5,54,30.7,0.0,642:WA:SNTL,Morse Lake,5400
2026-01-11,17.7,54,42.1,0.1,642:WA:SNTL,Morse Lake,5400
2026-01-12,17.6,48,36.3,0.0,642:WA:SNTL,Morse Lake,5400
2026-01-13,17.5,50,35.8,0.0,642:WA:SNTL,Morse Lake,5400
2026-01-14,17.5,50,40.6,0.0,642:WA:SNTL,Morse Lake,5400
2026-01-15,17.5,49,28.8,0.1,642:WA:SNTL,Morse Lake,5400
2026-01-16,17.5,48,29.8,0.0,642:WA:SNTL,Morse Lake,5400
2026-01-17,17.5,48,29.1,0.0,642:WA:SNTL,Morse Lake,5400
2026-01-18,17.5,48,28.4,0.0,642:WA:SNTL,Morse Lake,5400
2026-01-19,17.6,48,34.0,0.0,642:WA:SNTL,Morse Lake,5400
2026-01-20,17.8,47,23.2,0.1,642:WA:SNTL,Morse Lake,5400
2026-01-21,17.9,47,23.7,0.0,642:WA:SNTL,Morse Lake,5400
2026-01-22,18.0,47,17.8,0.0,642:WA:SNTL,Morse Lake,5400
2026-01-23,18.0,47,15.8,0.0,642:WA:SNTL,Morse Lake,5400
2026-01-24,18.0,47,26.2,0.0,642:WA:SNTL,Morse Lake,5400
2026-01-25,17.8,47,25.7,0.0,642:WA:SNTL,Morse Lake,5400
2026-01-26,17.6,47,29.5,0.0,642:WA:SNTL,Morse Lake,5400
2026-01-27,17.5,47,32.0,0.0,642:WA:SNTL,Morse Lake,5400
2026-01-28,18.0,50,34.0,0.4,642:WA:SNTL,Morse Lake,5400
2026-01-29,18.7,58,36.7,1.0,642:WA:SNTL,Morse Lake,5400
2026-01-30,18.7,58,34.9,0.1,642:WA:SNTL,Morse Lake,5400
2026-01-31,19.2,55,31.6,0.2,642:WA:SNTL,Morse Lake,5400
2026-02-01,19.6,55,31.3,0.3,642:WA:SNTL,Morse Lake,5400
2026-02-02,20.4,58,34.3,0.5,642:WA:SNTL,Morse Lake,5400
2026-02-03,20.4,57,35.4,0.0,642:WA:SNTL,Morse Lake,5400
2026-02-04,20.4,56,36.0,0.0,642:WA:SNTL,Morse Lake,5400
2026-02-05,20.4,56,35.1,0.0,642:WA:SNTL,Morse Lake,5400
2026-02-06,20.3,55,43.0,0.0,642:WA:SNTL,Morse Lake,5400
2026-02-07,21.3,56,34.3,0.9,642:WA:SNTL,Morse Lake,5400
2026-02-08,21.3,56,28.4,0.1,642:WA:SNTL,Morse Lake,5400
2026-02-09,21.2,53,27.0,0.1,642:WA:SNTL,Morse Lake,5400
2026-02-10,21.0,57,19.8,0.2,642:WA:SNTL,Morse Lake,5400
2026-02-11,20.8,57,22.6,0.0,642:WA:SNTL,Morse Lake,5400
2026-02-12,20.6,57,26.6,0.0,642:WA:SNTL,Morse Lake,5400
2026-02-13,21.0,63,30.0,0.0,642:WA:SNTL,Morse Lake,5400
2026-02-14,21.4,60,27.1,0.5,642:WA:SNTL,Morse Lake,5400
2026-02-15,21.7,63,29.5,0.1,642:WA:SNTL,Morse Lake,5400
2026-02-16,21.9,64,19.6,0.4,642:WA:SNTL,Morse Lake,5400
2026-02-17,22.1,64,20.5,0.2,642:WA:SNTL,Morse Lake,5400
2026-02-18,22.2,67,20.3,0.1,642:WA:SNTL,Morse Lake,5400
2026-02-19,22.4,66,16.9,0.2,642:WA:SNTL,Morse Lake,5400
2026-02-20,22.3,66,21.2,0.0,642:WA:SNTL,Morse Lake,5400
2026-02-21,22.8,69,24.6,0.5,642:WA:SNTL,Morse Lake,5400
2026-02-22,23.8,76,33.1,0.5,642:WA:SNTL,Morse Lake,5400
2026-02-23,25.0,82,28.0,1.1,642:WA:SNTL,Morse Lake,5400
2026-02-24,25.3,84,24.3,0.6,642:WA:SNTL,Morse Lake,5400
2026-02-25,25.3,82,25.0,0.0,642:WA:SNTL,Morse Lake,5400
2026-02-26,25.5,80,27.5,0.0,642:WA:SNTL,Morse Lake,5400
2026-02-27,25.6,78,24.4,0.0,642:WA:SNTL,Morse Lake,5400
2026-02-28,25.5,77,30.6,0.0,642:WA:SNTL,Morse Lake,5400
2026-03-01,25.6,76,28.2,0.0,642:WA:SNTL,Morse Lake,5400
2026-03-02,25.6,74,36.3,0.0,642:WA:SNTL,Morse Lake,5400
2025-10-01,0.2,1,40.8,0.4,672:WA:SNTL,Olallie Meadows,4010
2025-10-02,0.2,1,42.8,0.1,672:WA:SNTL,Olallie Meadows,4010
2025-10-03,0.2,2,43.2,0.0,672:WA:SNTL,Olallie Meadows,4010
2025-10-04,0.2,2,40.3,0.1,672:WA:SNTL,Olallie Meadows,4010
2025-10-05,0.2,2,45.0,0.1,672:WA:SNTL,Olallie Meadows,4010
2025-10-06,0.2,1,52.2,0.1,672:WA:SNTL,Olallie Meadows,4010
2025-10-07,0.2,1,48.6,0.0,672:WA:SNTL,Olallie Meadows,4010
2025-10-08,0.2,1,45.1,0.0,672:WA:SNTL,Olallie Meadows,4010
2025-10-09,0.3,1,56.3,0.0,672:WA:SNTL,Olallie Meadows,4010
2025-10-10,0.2,2,39.6,0.0,672:WA:SNTL,Olallie Meadows,4010
2025-10-11,0.1,2,36.1,0.9,672:WA:SNTL,Olallie Meadows,4010
2025-10-12,0.2,1,32.2,0.7,672:WA:SNTL,Olallie Meadows,4010
2025-10-13,0.2,1,33.1,0.0,672:WA:SNTL,Olallie Meadows,4010
2025-10-14,0.2,2,35.2,0.1,672:WA:SNTL,Olallie Meadows,4010
2025-10-15,0.2,1,39.9,0.0,672:WA:SNTL,Olallie Meadows,4010
2025-10-16,0.1,1,39.0,0.1,672:WA:SNTL,Olallie Meadows,4010
2025-10-17,0.1,0,35.8,0.0,672:WA:SNTL,Olallie Meadows,4010
2025-10-18,0.1,2,41.7,0.8,672:WA:SNTL,Olallie Meadows,4010
2025-10-19,0.2,1,36.5,2.6,672:WA:SNTL,Olallie Meadows,4010
2025-10-20,0.1,0,38.5,0.2,672:WA:SNTL,Olallie Meadows,4010
2025-10-21,0.1,0,40.5,0.1,672:WA:SNTL,Olallie Meadows,4010
2025-10-22,0.1,1,41.5,0.0,672:WA:SNTL,Olallie Meadows,4010
2025-10-23,0.1,2,42.4,0.0,672:WA:SNTL,Olallie Meadows,4010
2025-10-24,0.1,0,34.9,1.4,672:WA:SNTL,Olallie Meadows,4010
2025-10-25,0.4,2,32.0,0.3,672:WA:SNTL,Olallie Meadows,4010
2025-10-26,1.9,11,30.6,1.6,672:WA:SNTL,Olallie Meadows,4010
2025-10-27,2.5,12,30.4,0.6,672:WA:SNTL,Olallie Meadows,4010
2025-10-28,2.9,10,35.8,0.9,672:WA:SNTL,Olallie Meadows,4010
2025-10-29,2.3,8,34.3,0.4,672:WA:SNTL,Olallie Meadows,4010
2025-10-30,2.2,7,36.9,0.1,672:WA:SNTL,Olallie Meadows,4010
2025-10-31,2.2,5,39.9,1.4,672:WA:SNTL,Olallie Meadows,4010
2025-11-01,1.2,2,33.1,2.3,672:WA:SNTL,Olallie Meadows,4010
2025-11-02,1.0,2,35.1,0.2,672:WA:SNTL,Olallie Meadows,4010
2025-11-03,1.3,4,32.0,0.2,672:WA:SNTL,Olallie Meadows,4010
2025-11-04,1.4,3,36.0,0.1,672:WA:SNTL,Olallie Meadows,4010
2025-11-05,0.9,2,38.3,1.0,672:WA:SNTL,Olallie Meadows,4010
2025-11-06,0.6,1,33.4,2.4,672:WA:SNTL,Olallie Meadows,4010
2025-11-07,1.1,3,32.2,0.7,672:WA:SNTL,Olallie Meadows,4010
2025-11-08,1.0,3,37.2,0.0,672:WA:SNTL,Olallie Meadows,4010
2025-11-09,1.0,2,46.9,0.0,672:WA:SNTL,Olallie Meadows,4010
2025-11-10,0.3,2,36.7,0.2,672:WA:SNTL,Olallie Meadows,4010
2025-11-11,0.2,2,37.0,0.0,672:WA:SNTL,Olallie Meadows,4010
2025-11-12,0.0,2,38.1,0.0,672:WA:SNTL,Olallie Meadows,4010
2025-11-13,0.1,1,41.9,1.1,672:WA:SNTL,Olallie Meadows,4010
2025-11-14,0.1,2,42.6,2.0,672:WA:SNTL,Olallie Meadows,4010
2025-11-15,0.0,0,44.6,0.8,672:WA:SNTL,Olallie Meadows,4010
2025-11-16,0.0,0,43.0,0.0,672:WA:SNTL,Olallie Meadows,4010
2025-11-17,0.0,0,29.8,0.2,672:WA:SNTL,Olallie Meadows,4010
2025-11-18,0.0,0,28.2,0.1,672:WA:SNTL,Olallie Meadows,4010
2025-11-19,0.0,0,32.5,0.0,672:WA:SNTL,Olallie Meadows,4010
2025-11-20,0.0,0,32.2,0.0,672:WA:SNTL,Olallie Meadows,4010
2025-11-21,0.0,0,37.9,0.0,672:WA:SNTL,Olallie Meadows,4010
2025-11-22,0.0,0,38.7,0.3,672:WA:SNTL,Olallie Meadows,4010
2025-11-23,0.0,0,29.7,1.1,672:WA:SNTL,Olallie Meadows,4010
2025-11-24,0.5,4,27.9,0.5,672:WA:SNTL,Olallie Meadows,4010
2025-11-25,1.5,9,28.9,1.0,672:WA:SNTL,Olallie Meadows,4010
2025-11-26,1.5,8,31.5,0.1,672:WA:SNTL,Olallie Meadows,4010
2025-11-27,2.0,9,31.8,0.5,672:WA:SNTL,Olallie Meadows,4010
2025-11-28,2.0,8,28.6,0.0,672:WA:SNTL,Olallie Meadows,4010
2025-11-29,2.0,8,24.1,0.0,672:WA:SNTL,Olallie Meadows,4010
2025-11-30,1.9,8,27.7,0.0,672:WA:SNTL,Olallie Meadows,4010
2025-12-01,2.2,9,31.5,0.3,672:WA:SNTL,Olallie Meadows,4010
2025-12-02,2.4,9,28.9,0.2,672:WA:SNTL,Olallie Meadows,4010
2025-12-03,2.4,9,31.6,0.0,672:WA:SNTL,Olallie Meadows,4010
2025-12-04,2.9,10,36.0,0.7,672:WA:SNTL,Olallie Meadows,4010
2025-12-05,2.6,8,36.1,1.2,672:WA:SNTL,Olallie Meadows,4010
2025-12-06,2.4,7,35.4,0.7,672:WA:SNTL,Olallie Meadows,4010
2025-12-07,2.4,6,37.6,1.7,672:WA:SNTL,Olallie Meadows,4010
2025-12-08,1.4,2,32.5,5.5,672:WA:SNTL,Olallie Meadows,4010
2025-12-09,2.4,6,32.9,2.2,672:WA:SNTL,Olallie Meadows,4010
2025-12-10,0.1,1,45.3,6.0,672:WA:SNTL,Olallie Meadows,4010
2025-12-11,0.0,0,42.8,3.1,672:WA:SNTL,Olallie Meadows,4010
2025-12-12,0.0,0,40.1,0.8,672:WA:SNTL,Olallie Meadows,4010
2025-12-13,0.0,0,45.7,0.0,672:WA:SNTL,Olallie Meadows,4010
2025-12-14,0.0,0,42.6,0.0,672:WA:SNTL,Olallie Meadows,4010
2025-12-15,0.0,0,34.7,3.6,672:WA:SNTL,Olallie Meadows,4010
2025-12-16,0.0,0,40.3,2.6,672:WA:SNTL,Olallie Meadows,4010
2025-12-17,0.4,3,30.6,1.6,672:WA:SNTL,Olallie Meadows,4010
2025-12-18,2.3,7,28.8,2.6,672:WA:SNTL,Olallie Meadows,4010
2025-12-19,3.2,14,26.8,0.8,672:WA:SNTL,Olallie Meadows,4010
2025-12-20,4.9,25,30.2,1.6,672:WA:SNTL,Olallie Meadows,4010
2025-12-21,5.4,26,29.1,0.6,672:WA:SNTL,Olallie Meadows,4010
2025-12-22,6.1,30,27.1,1.0,672:WA:SNTL,Olallie Meadows,4010
2025-12-23,6.2,28,30.0,0.0,672:WA:SNTL,Olallie Meadows,4010
2025-12-24,6.5,26,29.7,0.4,672:WA:SNTL,Olallie Meadows,4010
2025-12-25,6.5,26,30.6,0.0,672:WA:SNTL,Olallie Meadows,4010
2025-12-26,7.6,31,23.5,0.9,672:WA:SNTL,Olallie Meadows,4010
2025-12-27,8.1,34,21.6,0.5,672:WA:SNTL,Olallie Meadows,4010
2025-12-28,8.1,32,21.2,0.2,672:WA:SNTL,Olallie Meadows,4010
2025-12-29,8.1,31,23.7,0.0,672:WA:SNTL,Olallie Meadows,4010
2025-12-30,8.0,30,23.7,0.0,672:WA:SNTL,Olallie Meadows,4010
2025-12-31,8.0,29,,0.0,672:WA:SNTL,Olallie Meadows,4010
2026-01-01,8.3,29,27.5,0.0,672:WA:SNTL,Olallie Meadows,4010
2026-01-02,8.4,27,35.2,0.8,672:WA:SNTL,Olallie Meadows,4010
2026-01-03,8.5,26,32.5,0.0,672:WA:SNTL,Olallie Meadows,4010
2026-01-04,9.2,30,30.0,0.7,672:WA:SNTL,Olallie Meadows,4010
2026-01-05,9.7,34,26.1,0.5,672:WA:SNTL,Olallie Meadows,4010
2026-01-06,11.5,46,26.4,1.3,672:WA:SNTL,Olallie Meadows,4010
2026-01-07,12.2,47,26.4,0.6,672:WA:SNTL,Olallie Meadows,4010
2026-01-08,13.2,48,28.9,0.7,672:WA:SNTL,Olallie Meadows,4010
2026-01-09,13.3,47,29.8,0.4,672:WA:SNTL,Olallie Meadows,4010
2026-01-10,13.3,45,33.3,0.3,672:WA:SNTL,Olallie Meadows,4010
2026-01-11,13.6,42,39.7,1.1,672:WA:SNTL,Olallie Meadows,4010
2026-01-12,12.8,35,44.6,0.6,672:WA:SNTL,Olallie Meadows,4010
2026-01-13,12.4,33,43.3,0.0,672:WA:SNTL,Olallie Meadows,4010
2026-01-14,12.3,32,38.3,0.0,672:WA:SNTL,Olallie Meadows,4010
2026-01-15,12.3,32,38.7,0.0,672:WA:SNTL,Olallie Meadows,4010
2026-01-16,12.3,32,34.3,0.4,672:WA:SNTL,Olallie Meadows,4010
2026-01-17,12.3,31,25.0,0.0,672:WA:SNTL,Olallie Meadows,4010
2026-01-18,12.2,31,33.3,0.0,672:WA:SNTL,Olallie Meadows,4010
2026-01-19,12.3,31,36.7,0.0,672:WA:SNTL,Olallie Meadows,4010
2026-01-20,12.6,31,19.2,0.1,672:WA:SNTL,Olallie Meadows,4010
2026-01-21,12.9,31,17.6,0.0,672:WA:SNTL,Olallie Meadows,4010
2026-01-22,12.9,31,18.5,0.0,672:WA:SNTL,Olallie Meadows,4010
2026-01-23,12.7,31,19.4,0.0,672:WA:SNTL,Olallie Meadows,4010
2026-01-24,11.9,30,30.4,0.0,672:WA:SNTL,Olallie Meadows,4010
2026-01-25,11.2,30,24.6,0.0,672:WA:SNTL,Olallie Meadows,4010
2026-01-26,10.9,30,32.9,0.0,672:WA:SNTL,Olallie Meadows,4010
2026-01-27,10.9,31,28.2,0.0,672:WA:SNTL,Olallie Meadows,4010
2026-01-28,11.7,32,33.8,0.4,672:WA:SNTL,Olallie Meadows,4010
2026-01-29,13.0,33,34.2,0.9,672:WA:SNTL,Olallie Meadows,4010
2026-01-30,12.7,32,40.5,0.4,672:WA:SNTL,Olallie Meadows,4010
2026-01-31,12.3,31,33.6,0.5,672:WA:SNTL,Olallie Meadows,4010
2026-02-01,12.5,30,34.3,0.8,672:WA:SNTL,Olallie Meadows,4010
2026-02-02,12.7,30,40.1,0.5,672:WA:SNTL,Olallie Meadows,4010
2026-02-03,12.5,30,38.1,0.2,672:WA:SNTL,Olallie Meadows,4010
2026-02-04,12.1,29,37.8,0.0,672:WA:SNTL,Olallie Meadows,4010
2026-02-05,12.0,28,35.1,0.2,672:WA:SNTL,Olallie Meadows,4010
2026-02-06,11.9,28,40.8,0.0,672:WA:SNTL,Olallie Meadows,4010
2026-02-07,12.3,28,36.3,0.8,672:WA:SNTL,Olallie Meadows,4010
2026-02-08,11.9,28,31.3,0.2,672:WA:SNTL,Olallie Meadows,4010
2026-02-09,12.3,30,30.7,0.3,672:WA:SNTL,Olallie Meadows,4010
2026-02-10,12.3,29,30.6,0.0,672:WA:SNTL,Olallie Meadows,4010
2026-02-11,12.2,29,31.8,0.0,672:WA:SNTL,Olallie Meadows,4010
2026-02-12,12.2,29,31.6,0.1,672:WA:SNTL,Olallie Meadows,4010
2026-02-13,12.5,31,29.8,0.2,672:WA:SNTL,Olallie Meadows,4010
2026-02-14,12.8,33,26.4,0.4,672:WA:SNTL,Olallie Meadows,4010
2026-02-15,12.8,33,28.9,0.0,672:WA:SNTL,Olallie Meadows,4010
2026-02-16,13.0,34,20.3,0.3,672:WA:SNTL,Olallie Meadows,4010
2026-02-17,13.0,34,23.7,0.0,672:WA:SNTL,Olallie Meadows,4010
2026-02-18,13.2,36,23.9,0.3,672:WA:SNTL,Olallie Meadows,4010
2026-02-19,13.3,36,17.8,0.0,672:WA:SNTL,Olallie Meadows,4010
2026-02-20,13.3,35,23.5,0.0,672:WA:SNTL,Olallie Meadows,4010
2026-02-21,13.5,36,29.1,0.0,672:WA:SNTL,Olallie Meadows,4010
2026-02-22,13.7,36,31.5,0.0,672:WA:SNTL,Olallie Meadows,4010
2026-02-23,14.5,42,27.7,0.8,672:WA:SNTL,Olallie Meadows,4010
2026-02-24,14.7,41,24.1,0.3,672:WA:SNTL,Olallie Meadows,4010
2026-02-25,15.0,41,28.0,0.0,672:WA:SNTL,Olallie Meadows,4010
2026-02-26,15.3,42,30.6,0.2,672:WA:SNTL,Olallie Meadows,4010
2026-02-27,15.4,41,30.6,0.1,672:WA:SNTL,Olallie Meadows,4010
2026-02-28,15.4,40,31.6,0.0,672:WA:SNTL,Olallie Meadows,4010
2026-03-01,15.4,40,35.4,0.0,672:WA:SNTL,Olallie Meadows,4010
2026-03-02,15.4,40,37.4,0.0,672:WA:SNTL,Olallie Meadows,4010
2025-10-01,0.0,0,39.6,1.0,679:WA:SNTL,Paradise,5150
2025-10-02,0.0,0,37.9,0.1,679:WA:SNTL,Paradise,5150
2025-10-03,0.0,0,39.9,0.0,679:WA:SNTL,Paradise,5150
2025-10-04,0.0,0,37.9,0.3,679:WA:SNTL,Paradise,5150
2025-10-05,0.0,0,40.6,0.0,679:WA:SNTL,Paradise,5150
2025-10-06,0.0,0,53.6,0.0,679:WA:SNTL,Paradise,5150
2025-10-07,0.0,1,46.0,0.0,679:WA:SNTL,Paradise,5150
2025-10-08,0.0,0,46.8,0.0,679:WA:SNTL,Paradise,5150
2025-10-09,0.0,0,55.8,0.5,679:WA:SNTL,Paradise,5150
2025-10-10,0.0,0,35.2,0.1,679:WA:SNTL,Paradise,5150
2025-10-11,0.1,0,31.3,0.8,679:WA:SNTL,Paradise,5150
2025-10-12,0.5,2,29.3,0.6,679:WA:SNTL,Paradise,5150
2025-10-13,0.4,2,31.3,0.1,679:WA:SNTL,Paradise,5150
2025-10-14,0.4,0,36.9,0.0,679:WA:SNTL,Paradise,5150
2025-10-15,0.3,0,33.4,0.0,679:WA:SNTL,Paradise,5150
2025-10-16,0.3,0,34.7,0.0,679:WA:SNTL,Paradise,5150
2025-10-17,0.2,0,33.4,0.1,679:WA:SNTL,Paradise,5150
2025-10-18,0.3,0,38.7,1.1,679:WA:SNTL,Paradise,5150
2025-10-19,0.9,0,31.8,1.9,679:WA:SNTL,Paradise,5150
2025-10-20,0.5,0,34.5,0.1,679:WA:SNTL,Paradise,5150
2025-10-21,0.5,0,47.7,0.0,679:WA:SNTL,Paradise,5150
2025-10-22,0.3,0,37.6,0.0,679:WA:SNTL,Paradise,5150
2025-10-23,0.3,0,41.4,0.0,679:WA:SNTL,Paradise,5150
2025-10-24,0.5,1,30.7,1.9,679:WA:SNTL,Paradise,5150
2025-10-25,1.7,9,27.5,1.2,679:WA:SNTL,Paradise,5150
2025-10-26,2.7,16,26.1,1.4,679:WA:SNTL,Paradise,5150
2025-10-27,2.8,16,25.2,0.2,679:WA:SNTL,Paradise,5150
2025-10-28,3.2,13,35.6,0.7,679:WA:SNTL,Paradise,5150
2025-10-29,2.9,11,36.5,0.3,679:WA:SNTL,Paradise,5150
2025-10-30,2.9,10,40.8,0.0,679:WA:SNTL,Paradise,5150
2025-10-31,2.9,7,41.0,1.6,679:WA:SNTL,Paradise,5150
2025-11-01,1.9,3,30.9,1.9,679:WA:SNTL,Paradise,5150
2025-11-02,1.8,4,35.8,0.1,679:WA:SNTL,Paradise,5150
2025-11-03,2.5,9,31.8,0.6,679:WA:SNTL,Paradise,5150
2025-11-04,2.7,7,36.5,0.5,679:WA:SNTL,Paradise,5150
2025-11-05,2.5,6,34.7,2.0,679:WA:SNTL,Paradise,5150
2025-11-06,2.4,5,30.0,2.1,679:WA:SNTL,Paradise,5150
2025-11-07,2.7,8,27.7,0.4,679:WA:SNTL,Paradise,5150
2025-11-08,2.7,7,43.5,0.0,679:WA:SNTL,Paradise,5150
2025-11-09,2.4,6,49.5,0.0,679:WA:SNTL,Paradise,5150
2025-11-10,2.2,5,34.3,0.0,679:WA:SNTL,Paradise,5150
2025-11-11,1.9,5,43.3,0.0,679:WA:SNTL,Paradise,5150
2025-11-12,1.6,2,44.2,0.0,679:WA:SNTL,Paradise,5150
2025-11-13,1.1,0,37.8,1.2,679:WA:SNTL,Paradise,5150
2025-11-14,0.8,0,39.6,1.5,679:WA:SNTL,Paradise,5150
2025-11-15,0.3,0,44.2,0.3,679:WA:SNTL,Paradise,5150
2025-11-16,0.3,0,39.2,0.2,679:WA:SNTL,Paradise,5150
2025-11-17,0.4,0,25.3,0.1,679:WA:SNTL,Paradise,5150
2025-11-18,0.8,0,24.4,0.3,679:WA:SNTL,Paradise,5150
2025-11-19,1.2,0,31.6,0.0,679:WA:SNTL,Paradise,5150
2025-11-20,1.1,1,30.4,0.1,679:WA:SNTL,Paradise,5150
2025-11-21,1.5,0,36.1,0.0,679:WA:SNTL,Paradise,5150
2025-11-22,1.0,0,34.9,0.0,679:WA:SNTL,Paradise,5150
2025-11-23,0.8,0,25.0,0.6,679:WA:SNTL,Paradise,5150
2025-11-24,2.0,3,23.7,0.1,679:WA:SNTL,Paradise,5150
2025-11-25,3.4,7,33.1,1.4,679:WA:SNTL,Paradise,5150
2025-11-26,2.7,5,39.6,0.3,679:WA:SNTL,Paradise,5150
2025-11-27,3.2,4,32.4,1.2,679:WA:SNTL,Paradise,5150
2025-11-28,2.9,6,32.2,0.5,679:WA:SNTL,Paradise,5150
2025-11-29,2.9,6,24.1,0.0,679:WA:SNTL,Paradise,5150
2025-11-30,4.2,6,32.9,0.1,679:WA:SNTL,Paradise,5150
2025-12-01,4.3,7,29.3,0.1,679:WA:SNTL,Paradise,5150
2025-12-02,3.9,7,27.3,0.4,679:WA:SNTL,Paradise,5150
2025-12-03,3.8,6,26.4,0.1,679:WA:SNTL,Paradise,5150
2025-12-04,4.5,12,32.5,1.0,679:WA:SNTL,Paradise,5150
2025-12-05,4.5,10,32.7,2.3,679:WA:SNTL,Paradise,5150
2025-12-06,5.3,12,32.0,1.0,679:WA:SNTL,Paradise,5150
2025-12-07,6.4,17,33.8,1.5,679:WA:SNTL,Paradise,5150
2025-12-08,6.9,12,34.9,6.0,679:WA:SNTL,Paradise,5150
2025-12-09,7.6,11,40.8,3.3,679:WA:SNTL,Paradise,5150
2025-12-10,5.7,8,41.7,4.0,679:WA:SNTL,Paradise,5150
2025-12-11,4.7,6,41.2,2.1,679:WA:SNTL,Paradise,5150
2025-12-12,4.1,8,35.2,0.1,679:WA:SNTL,Paradise,5150
2025-12-13,3.7,9,48.9,0.0,679:WA:SNTL,Paradise,5150
2025-12-14,3.7,8,43.0,0.2,679:WA:SNTL,Paradise,5150
2025-12-15,3.3,6,31.8,2.6,679:WA:SNTL,Paradise,5150
2025-12-16,4.0,4,37.4,1.8,679:WA:SNTL,Paradise,5150
2025-12-17,4.2,12,26.8,1.3,679:WA:SNTL,Paradise,5150
2025-12-18,5.8,14,25.5,2.6,679:WA:SNTL,Paradise,5150
2025-12-19,6.5,24,23.4,0.7,679:WA:SNTL,Paradise,5150
2025-12-20,7.4,31,26.6,0.9,679:WA:SNTL,Paradise,5150
2025-12-21,7.7,31,26.1,1.0,679:WA:SNTL,Paradise,5150
2025-12-22,8.4,37,25.3,0.5,679:WA:SNTL,Paradise,5150
2025-12-23,8.5,34,31.1,0.4,679:WA:SNTL,Paradise,5150
2025-12-24,8.8,32,23.7,0.6,679:WA:SNTL,Paradise,5150
2025-12-25,9.0,31,26.6,0.2,679:WA:SNTL,Paradise,5150
2025-12-26,9.9,40,19.4,0.7,679:WA:SNTL,Paradise,5150
2025-12-27,10.1,41,18.7,0.1,679:WA:SNTL,Paradise,5150
2025-12-28,10.2,37,29.3,0.1,679:WA:SNTL,Paradise,5150
2025-12-29,10.1,37,40.3,0.0,679:WA:SNTL,Paradise,5150
2025-12-30,10.1,37,41.2,0.0,679:WA:SNTL,Paradise,5150
2025-12-31,10.1,36,41.2,0.0,679:WA:SNTL,Paradise,5150
2026-01-01,10.3,33,38.3,0.6,679:WA:SNTL,Paradise,5150
2026-01-02,10.2,29,38.7,0.8,679:WA:SNTL,Paradise,5150
2026-01-03,10.5,27,31.6,0.5,679:WA:SNTL,Paradise,5150
2026-01-04,11.2,35,26.2,0.7,679:WA:SNTL,Paradise,5150
2026-01-05,11.4,38,22.5,0.2,679:WA:SNTL,Paradise,5150
2026-01-06,13.5,58,22.5,2.0,679:WA:SNTL,Paradise,5150
2026-01-07,14.9,60,22.3,1.2,679:WA:SNTL,Paradise,5150
2026-01-08,15.8,64,25.0,0.6,679:WA:SNTL,Paradise,5150
2026-01-09,15.9,53,32.9,0.0,679:WA:SNTL,Paradise,5150
2026-01-10,15.9,58,36.7,0.0,679:WA:SNTL,Paradise,5150
2026-01-11,16.3,54,36.9,0.8,679:WA:SNTL,Paradise,5150
2026-01-12,15.8,48,40.6,0.0,679:WA:SNTL,Paradise,5150
2026-01-13,15.7,46,46.9,0.0,679:WA:SNTL,Paradise,5150
2026-01-14,15.7,45,38.3,0.0,679:WA:SNTL,Paradise,5150
2026-01-15,15.7,45,45.7,0.0,679:WA:SNTL,Paradise,5150
2026-01-16,15.7,45,42.1,0.0,679:WA:SNTL,Paradise,5150
2026-01-17,15.6,44,47.8,0.0,679:WA:SNTL,Paradise,5150
2026-01-18,15.6,44,44.1,0.0,679:WA:SNTL,Paradise,5150
2026-01-19,15.6,43,43.3,0.0,679:WA:SNTL,Paradise,5150
2026-01-20,15.6,43,37.4,0.1,679:WA:SNTL,Paradise,5150
2026-01-21,15.7,43,36.1,0.0,679:WA:SNTL,Paradise,5150
2026-01-22,15.7,43,29.8,0.0,679:WA:SNTL,Paradise,5150
2026-01-23,15.7,43,24.6,0.0,679:WA:SNTL,Paradise,5150
2026-01-24,15.7,42,28.8,0.0,679:WA:SNTL,Paradise,5150
2026-01-25,15.7,43,31.3,0.0,679:WA:SNTL,Paradise,5150
2026-01-26,15.8,41,35.1,0.0,679:WA:SNTL,Paradise,5150
2026-01-27,15.8,42,31.6,0.0,679:WA:SNTL,Paradise,5150
2026-01-28,16.5,47,33.4,0.7,679:WA:SNTL,Paradise,5150
2026-01-29,18.0,50,33.6,1.5,679:WA:SNTL,Paradise,5150
2026-01-30,18.0,47,37.4,0.3,679:WA:SNTL,Paradise,5150
2026-01-31,17.7,49,44.8,0.3,679:WA:SNTL,Paradise,5150
2026-02-01,18.7,54,29.7,0.9,679:WA:SNTL,Paradise,5150
2026-02-02,19.8,58,36.9,1.7,679:WA:SNTL,Paradise,5150
2026-02-03,19.5,54,48.7,0.0,679:WA:SNTL,Paradise,5150
2026-02-04,19.2,51,51.6,0.0,679:WA:SNTL,Paradise,5150
2026-02-05,19.1,52,45.5,0.0,679:WA:SNTL,Paradise,5150
2026-02-06,19.0,51,41.9,0.0,679:WA:SNTL,Paradise,5150
2026-02-07,19.6,50,33.4,0.8,679:WA:SNTL,Paradise,5150
2026-02-08,19.7,51,27.7,0.3,679:WA:SNTL,Paradise,5150
2026-02-09,20.1,51,24.4,0.5,679:WA:SNTL,Paradise,5150
2026-02-10,20.1,51,28.9,0.0,679:WA:SNTL,Paradise,5150
2026-02-11,20.1,53,30.7,0.1,679:WA:SNTL,Paradise,5150
2026-02-12,20.2,50,26.6,0.0,679:WA:SNTL,Paradise,5150
2026-02-13,20.4,52,27.5,0.1,679:WA:SNTL,Paradise,5150
2026-02-14,20.6,54,26.8,0.2,679:WA:SNTL,Paradise,5150
2026-02-15,20.8,55,27.1,0.1,679:WA:SNTL,Paradise,5150
2026-02-16,21.0,55,16.2,0.1,679:WA:SNTL,Paradise,5150
2026-02-17,21.0,56,17.6,0.2,679:WA:SNTL,Paradise,5150
2026-02-18,21.2,59,19.0,0.1,679:WA:SNTL,Paradise,5150
2026-02-19,21.4,60,16.3,0.2,679:WA:SNTL,Paradise,5150
2026-02-20,21.4,60,21.0,0.0,679:WA:SNTL,Paradise,5150
2026-02-21,21.9,62,26.8,0.3,679:WA:SNTL,Paradise,5150
2026-02-22,22.0,67,32.2,0.1,679:WA:SNTL,Paradise,5150
2026-02-23,23.2,72,27.5,1.0,679:WA:SNTL,Paradise,5150
2026-02-24,23.6,65,23.9,0.4,679:WA:SNTL,Paradise,5150
2026-02-25,23.6,67,23.0,0.0,679:WA:SNTL,Paradise,5150
2026-02-26,23.6,66,25.9,0.0,679:WA:SNTL,Paradise,5150
2026-02-27,23.7,67,26.2,0.0,679:WA:SNTL,Paradise,5150
2026-02-28,23.7,66,34.7,0.0,679:WA:SNTL,Paradise,5150
2026-03-01,23.7,66,32.4,0.0,679:WA:SNTL,Paradise,5150
2026-03-02,23.8,64,34.3,0.0,679:WA:SNTL,Paradise,5150
