date,station_triplet,station_name,elevation_ft,swe_in,depth_in,temp_f,precip_in
2025-10-01,679:WA:SNTL,Paradise,5150,0.0,,39.6,1.0
2025-10-02,679:WA:SNTL,Paradise,5150,0.0,,37.9,0.1
2025-10-03,679:WA:SNTL,Paradise,5150,0.0,,39.9,0.0
2025-10-04,679:WA:SNTL,Paradise,5150,0.0,,37.9,0.3
2025-10-05,679:WA:SNTL,Paradise,5150,0.0,,40.6,0.0
2025-10-06,679:WA:SNTL,Paradise,5150,0.0,,53.6,0.0
2025-10-07,679:WA:SNTL,Paradise,5150,0.0,,46.0,0.0
2025-10-08,679:WA:SNTL,Paradise,5150,0.0,,46.8,0.0
2025-10-09,679:WA:SNTL,Paradise,5150,0.0,,55.8,0.5
2025-10-10,679:WA:SNTL,Paradise,5150,0.0,,35.2,0.1
2025-10-11,679:WA:SNTL,Paradise,5150,0.1,,31.3,0.8
2025-10-12,679:WA:SNTL,Paradise,5150,0.5,,29.3,0.6
2025-10-13,679:WA:SNTL,Paradise,5150,0.4,,31.3,0.1
2025-10-14,679:WA:SNTL,Paradise,5150,0.4,,36.9,0.0
2025-10-15,679:WA:SNTL,Paradise,5150,0.3,,33.4,0.0
2025-10-16,679:WA:SNTL,Paradise,5150,0.3,,34.7,0.0
2025-10-17,679:WA:SNTL,Paradise,5150,0.2,,33.4,0.1
2025-10-18,679:WA:SNTL,Paradise,5150,0.3,,38.7,1.1
2025-10-19,679:WA:SNTL,Paradise,5150,0.9,,31.8,1.9
2025-10-20,679:WA:SNTL,Paradise,5150,0.5,,34.5,0.1
2025-10-21,679:WA:SNTL,Paradise,5150,0.5,,47.7,0.0
2025-10-22,679:WA:SNTL,Paradise,5150,0.3,,37.6,0.0
2025-10-23,679:WA:SNTL,Paradise,5150,0.3,,41.4,0.0
2025-10-24,679:WA:SNTL,Paradise,5150,0.5,,30.7,1.9
2025-10-25,679:WA:SNTL,Paradise,5150,1.7,,27.5,1.2
2025-10-26,679:WA:SNTL,Paradise,5150,2.7,,26.1,1.4
2025-10-27,679:WA:SNTL,Paradise,5150,2.8,,25.2,0.2
2025-10-28,679:WA:SNTL,Paradise,5150,3.2,,35.6,0.7
2025-10-29,679:WA:SNTL,Paradise,5150,2.9,,36.5,0.3
2025-10-30,679:WA:SNTL,Paradise,5150,2.9,,40.8,0.0
2025-10-31,679:WA:SNTL,Paradise,5150,2.9,,41.0,1.6
2025-11-01,679:WA:SNTL,Paradise,5150,1.9,,30.9,1.9
2025-11-02,679:WA:SNTL,Paradise,5150,1.8,,35.8,0.1
2025-11-03,679:WA:SNTL,Paradise,5150,2.5,,31.8,0.6
2025-11-04,679:WA:SNTL,Paradise,5150,2.7,,36.5,0.5
2025-11-05,679:WA:SNTL,Paradise,5150,2.5,,34.7,2.0
2025-11-06,679:WA:SNTL,Paradise,5150,2.4,,30.0,2.1
2025-11-07,679:WA:SNTL,Paradise,5150,2.7,,27.7,0.4
2025-11-08,679:WA:SNTL,Paradise,5150,2.7,,43.5,0.0
2025-11-09,679:WA:SNTL,Paradise,5150,2.4,,49.5,0.0
2025-11-10,679:WA:SNTL,Paradise,5150,2.2,,34.3,0.0
2025-11-11,679:WA:SNTL,Paradise,5150,1.9,,43.3,0.0
2025-11-12,679:WA:SNTL,Paradise,5150,1.6,,44.2,0.0
2025-11-13,679:WA:SNTL,Paradise,5150,1.1,,37.8,1.2
2025-11-14,679:WA:SNTL,Paradise,5150,0.8,,39.6,1.5
2025-11-15,679:WA:SNTL,Paradise,5150,0.3,,44.2,0.3
2025-11-16,679:WA:SNTL,Paradise,5150,0.3,,39.2,0.2
2025-11-17,679:WA:SNTL,Paradise,5150,0.4,,25.3,0.1
2025-11-18,679:WA:SNTL,Paradise,5150,0.8,,24.4,0.3
2025-11-19,679:WA:SNTL,Paradise,5150,1.2,,31.6,0.0
2025-11-20,679:WA:SNTL,Paradise,5150,1.1,,30.4,0.1
2025-11-21,679:WA:SNTL,Paradise,5150,1.5,,36.1,0.0
2025-11-22,679:WA:SNTL,Paradise,5150,1.0,,34.9,0.0
2025-11-23,679:WA:SNTL,Paradise,5150,0.8,,25.0,0.6
2025-11-24,679:WA:SNTL,Paradise,5150,2.0,,23.7,0.1
2025-11-25,679:WA:SNTL,Paradise,5150,3.4,,33.1,1.4
2025-11-26,679:WA:SNTL,Paradise,5150,2.7,,39.6,0.3
2025-11-27,679:WA:SNTL,Paradise,5150,3.2,,32.4,1.2
2025-11-28,679:WA:SNTL,Paradise,5150,2.9,,32.2,0.5
2025-11-29,679:WA:SNTL,Paradise,5150,2.9,,24.1,0.0
2025-11-30,679:WA:SNTL,Paradise,5150,4.2,,32.9,0.1
2025-12-01,679:WA:SNTL,Paradise,5150,4.3,,29.3,0.1
2025-12-02,679:WA:SNTL,Paradise,5150,3.9,,27.3,0.4
2025-12-03,679:WA:SNTL,Paradise,5150,3.8,,26.4,0.1
2025-12-04,679:WA:SNTL,Paradise,5150,4.5,,32.5,1.0
2025-12-05,679:WA:SNTL,Paradise,5150,4.5,,32.7,2.3
2025-12-06,679:WA:SNTL,Paradise,5150,5.3,,32.0,1.0
2025-12-07,679:WA:SNTL,Paradise,5150,6.4,,33.8,1.5
2025-12-08,679:WA:SNTL,Paradise,5150,6.9,,34.9,6.0
2025-12-09,679:WA:SNTL,Paradise,5150,7.6,,40.8,3.3
2025-12-10,679:WA:SNTL,Paradise,5150,5.7,,41.7,4.0
2025-12-11,679:WA:SNTL,Paradise,5150,4.7,,41.2,2.1
2025-12-12,679:WA:SNTL,Paradise,5150,4.1,,35.2,0.1
2025-12-13,679:WA:SNTL,Paradise,5150,3.7,,48.9,0.0
2025-12-14,679:WA:SNTL,Paradise,5150,3.7,,43.0,0.2
2025-12-15,679:WA:SNTL,Paradise,5150,3.3,,31.8,2.6
2025-12-16,679:WA:SNTL,Paradise,5150,4.0,,37.4,1.8
2025-12-17,679:WA:SNTL,Paradise,5150,4.2,,26.8,1.3
2025-12-18,679:WA:SNTL,Paradise,5150,5.8,,25.5,2.6
2025-12-19,679:WA:SNTL,Paradise,5150,6.5,,23.4,0.7
2025-12-20,679:WA:SNTL,Paradise,5150,7.4,,26.6,0.9
2025-12-21,679:WA:SNTL,Paradise,5150,7.7,,26.1,1.0
2025-12-22,679:WA:SNTL,Paradise,5150,8.4,,25.3,0.5
2025-12-23,679:WA:SNTL,Paradise,5150,8.5,,31.1,0.4
2025-12-24,679:WA:SNTL,Paradise,5150,8.8,,23.7,0.6
2025-12-25,679:WA:SNTL,Paradise,5150,9.0,,26.6,0.2
2025-12-26,679:WA:SNTL,Paradise,5150,9.9,,19.4,0.7
2025-12-27,679:WA:SNTL,Paradise,5150,10.1,,18.7,0.1
2025-12-28,679:WA:SNTL,Paradise,5150,10.2,,29.3,0.1
2025-12-29,679:WA:SNTL,Paradise,5150,10.1,,40.3,0.0
2025-12-30,679:WA:SNTL,Paradise,5150,10.1,,41.2,0.0
2025-12-31,679:WA:SNTL,Paradise,5150,10.1,,41.2,0.0
2026-01-01,679:WA:SNTL,Paradise,5150,10.3,,38.3,0.6
2026-01-02,679:WA:SNTL,Paradise,5150,10.2,,38.7,0.8
2026-01-03,679:WA:SNTL,Paradise,5150,10.5,,31.6,0.5
2026-01-04,679:WA:SNTL,Paradise,5150,11.2,,26.2,0.7
2026-01-05,679:WA:SNTL,Paradise,5150,11.4,,22.5,0.2
2026-01-06,679:WA:SNTL,Paradise,5150,13.5,,22.5,2.0
2026-01-07,679:WA:SNTL,Paradise,5150,14.9,,22.3,1.2
2026-01-08,679:WA:SNTL,Paradise,5150,15.8,,25.0,0.6
2026-01-09,679:WA:SNTL,Paradise,5150,15.9,,32.9,0.0
2026-01-10,679:WA:SNTL,Paradise,5150,15.9,,36.7,0.0
2026-01-11,679:WA:SNTL,Paradise,5150,16.3,,36.9,0.8
2026-01-12,679:WA:SNTL,Paradise,5150,15.8,,40.6,0.0
2026-01-13,679:WA:SNTL,Paradise,5150,15.7,,46.9,0.0
2026-01-14,679:WA:SNTL,Paradise,5150,15.7,,38.3,0.0
2026-01-15,679:WA:SNTL,Paradise,5150,15.7,,45.7,0.0
2026-01-16,679:WA:SNTL,Paradise,5150,15.7,,42.1,0.0
2026-01-17,679:WA:SNTL,Paradise,5150,15.6,,47.8,0.0
2026-01-18,679:WA:SNTL,Paradise,5150,15.6,,44.1,0.0
2026-01-19,679:WA:SNTL,Paradise,5150,15.6,,43.3,0.0
2026-01-20,679:WA:SNTL,Paradise,5150,15.6,,37.4,0.1
2026-01-21,679:WA:SNTL,Paradise,5150,15.7,,36.1,0.0
2026-01-22,679:WA:SNTL,Paradise,5150,15.7,,29.8,0.0
2026-01-23,679:WA:SNTL,Paradise,5150,15.7,,24.6,0.0
2026-01-24,679:WA:SNTL,Paradise,5150,15.7,,28.8,0.0
2026-01-25,679:WA:SNTL,Paradise,5150,15.7,,31.3,0.0
2026-01-26,679:WA:SNTL,Paradise,5150,15.8,,35.1,0.0
2026-01-27,679:WA:SNTL,Paradise,5150,15.8,,31.6,0.0
2026-01-28,679:WA:SNTL,Paradise,5150,16.5,,33.4,0.7
2026-01-29,679:WA:SNTL,Paradise,5150,18.0,,33.6,1.5
2026-01-30,679:WA:SNTL,Paradise,5150,18.0,,37.4,0.3
2026-01-31,679:WA:SNTL,Paradise,5150,17.7,,44.8,0.3
2026-02-01,679:WA:SNTL,Paradise,5150,18.7,,29.7,0.9
2026-02-02,679:WA:SNTL,Paradise,5150,19.8,,36.9,1.7
2026-02-03,679:WA:SNTL,Paradise,5150,19.5,,48.7,0.0
2026-02-04,679:WA:SNTL,Paradise,5150,19.2,,51.6,0.0
2026-02-05,679:WA:SNTL,Paradise,5150,19.1,,45.5,0.0
2026-02-06,679:WA:SNTL,Paradise,5150,19.0,,41.9,0.0
2026-02-07,679:WA:SNTL,Paradise,5150,19.6,,33.4,0.8
2026-02-08,679:WA:SNTL,Paradise,5150,19.7,,27.7,0.3
2026-02-09,679:WA:SNTL,Paradise,5150,20.1,,24.4,0.5
2026-02-10,679:WA:SNTL,Paradise,5150,20.1,,28.9,0.0
2026-02-11,679:WA:SNTL,Paradise,5150,20.1,,30.7,0.1
2026-02-12,679:WA:SNTL,Paradise,5150,20.2,,26.6,0.0
2026-02-13,679:WA:SNTL,Paradise,5150,20.4,,27.5,0.1
2026-02-14,679:WA:SNTL,Paradise,5150,20.6,,26.8,0.2
2026-02-15,679:WA:SNTL,Paradise,5150,20.8,,27.1,0.1
2026-02-16,679:WA:SNTL,Paradise,5150,21.0,,16.2,0.1
2026-02-17,679:WA:SNTL,Paradise,5150,21.0,,17.6,0.2
2026-02-18,679:WA:SNTL,Paradise,5150,21.2,,19.0,0.1
2026-02-19,679:WA:SNTL,Paradise,5150,21.4,,16.3,0.2
2026-02-20,679:WA:SNTL,Paradise,5150,21.4,,21.0,0.0
2026-02-21,679:WA:SNTL,Paradise,5150,21.9,,26.8,0.3
2026-02-22,679:WA:SNTL,Paradise,5150,22.0,,32.2,0.1
2026-02-23,679:WA:SNTL,Paradise,5150,23.2,,27.5,1.0
2026-02-24,679:WA:SNTL,Paradise,5150,23.6,,23.9,0.4
2026-02-25,679:WA:SNTL,Paradise,5150,23.6,,23.0,0.0
2026-02-26,679:WA:SNTL,Paradise,5150,23.6,,25.9,0.0
2026-02-27,679:WA:SNTL,Paradise,5150,23.7,,26.2,0.0
2026-02-28,679:WA:SNTL,Paradise,5150,23.7,,34.7,0.0
2026-03-01,679:WA:SNTL,Paradise,5150,23.7,,32.4,0.0
2026-03-02,679:WA:SNTL,Paradise,5150,23.8,,34.3,0.0
2026-03-03,679:WA:SNTL,Paradise,5150,24.1,,32.9,0.2
2026-03-04,679:WA:SNTL,Paradise,5150,25.0,,28.8,0.9
2026-03-05,679:WA:SNTL,Paradise,5150,25.3,,27.0,0.3
2026-03-06,679:WA:SNTL,Paradise,5150,26.6,,33.8,1.2
2026-03-07,679:WA:SNTL,Paradise,5150,26.3,,33.4,0.2
2026-03-08,679:WA:SNTL,Paradise,5150,26.5,,21.2,1.3
2026-03-09,679:WA:SNTL,Paradise,5150,27.1,,17.6,0.6
2026-03-10,679:WA:SNTL,Paradise,5150,27.6,,22.8,0.5
2026-03-11,679:WA:SNTL,Paradise,5150,30.7,,33.8,2.7
2026-03-12,679:WA:SNTL,Paradise,5150,32.7,,30.6,2.0
2026-03-13,679:WA:SNTL,Paradise,5150,36.9,,27.0,4.2
2026-03-14,679:WA:SNTL,Paradise,5150,36.9,,18.1,1.1
2026-03-15,679:WA:SNTL,Paradise,5150,37.7,,33.6,0.6
2026-03-16,679:WA:SNTL,Paradise,5150,37.4,,43.7,0.2
2026-03-17,679:WA:SNTL,Paradise,5150,38.2,,39.2,1.5
2026-03-18,679:WA:SNTL,Paradise,5150,37.5,,43.9,0.5
2026-03-19,679:WA:SNTL,Paradise,5150,38.6,,41.4,2.4
2026-03-20,679:WA:SNTL,Paradise,5150,36.7,,31.5,0.9
2026-03-21,679:WA:SNTL,Paradise,5150,35.9,,22.6,0.1
2026-03-22,679:WA:SNTL,Paradise,5150,35.9,,33.6,0.0
2026-03-23,679:WA:SNTL,Paradise,5150,35.7,,36.7,0.0
2026-03-24,679:WA:SNTL,Paradise,5150,36.7,,29.3,1.5
2026-03-25,679:WA:SNTL,Paradise,5150,36.4,,18.3,0.5
2026-03-26,679:WA:SNTL,Paradise,5150,36.4,,27.1,0.0
2026-03-27,679:WA:SNTL,Paradise,5150,36.4,,34.5,0.0
2026-03-28,679:WA:SNTL,Paradise,5150,36.3,,29.3,0.0
2026-03-29,679:WA:SNTL,Paradise,5150,36.7,,22.5,0.2
2026-03-30,679:WA:SNTL,Paradise,5150,36.9,,26.6,0.0
2026-03-31,679:WA:SNTL,Paradise,5150,36.7,,33.1,0.0
2026-04-01,679:WA:SNTL,Paradise,5150,37.8,,25.3,0.8
2026-04-02,679:WA:SNTL,Paradise,5150,38.3,,25.0,0.5
2026-04-03,679:WA:SNTL,Paradise,5150,38.4,,30.7,0.0
2026-04-04,679:WA:SNTL,Paradise,5150,38.4,,42.3,0.0
2026-04-05,679:WA:SNTL,Paradise,5150,38.2,,45.9,0.0
2026-04-06,679:WA:SNTL,Paradise,5150,38.2,,38.3,0.0
2026-04-07,679:WA:SNTL,Paradise,5150,38.2,,28.8,0.0
2025-10-01,642:WA:SNTL,Morse Lake,5400,0.1,0.0,39.6,0.5
2025-10-02,642:WA:SNTL,Morse Lake,5400,0.1,0.0,38.7,0.1
2025-10-03,642:WA:SNTL,Morse Lake,5400,0.1,0.0,41.4,0.0
2025-10-04,642:WA:SNTL,Morse Lake,5400,0.1,0.0,37.6,0.3
2025-10-05,642:WA:SNTL,Morse Lake,5400,0.1,0.0,34.5,0.1
2025-10-06,642:WA:SNTL,Morse Lake,5400,0.1,0.0,39.9,0.0
2025-10-07,642:WA:SNTL,Morse Lake,5400,0.1,0.0,46.4,0.0
2025-10-08,642:WA:SNTL,Morse Lake,5400,0.1,0.0,42.4,0.0
2025-10-09,642:WA:SNTL,Morse Lake,5400,0.1,0.0,42.6,0.2
2025-10-10,642:WA:SNTL,Morse Lake,5400,0.1,0.0,37.4,0.1
2025-10-11,642:WA:SNTL,Morse Lake,5400,0.2,0.0,33.4,0.6
2025-10-12,642:WA:SNTL,Morse Lake,5400,0.5,1.0,30.4,0.5
2025-10-13,642:WA:SNTL,Morse Lake,5400,0.8,3.0,27.5,0.5
2025-10-14,642:WA:SNTL,Morse Lake,5400,0.8,1.0,24.6,0.0
2025-10-15,642:WA:SNTL,Morse Lake,5400,0.8,2.0,32.7,0.0
2025-10-16,642:WA:SNTL,Morse Lake,5400,0.6,0.0,39.2,0.0
2025-10-17,642:WA:SNTL,Morse Lake,5400,0.2,0.0,32.7,0.0
2025-10-18,642:WA:SNTL,Morse Lake,5400,0.2,0.0,40.3,0.4
2025-10-19,642:WA:SNTL,Morse Lake,5400,0.4,0.0,33.6,1.1
2025-10-20,642:WA:SNTL,Morse Lake,5400,0.2,0.0,33.1,0.1
2025-10-21,642:WA:SNTL,Morse Lake,5400,0.2,0.0,32.9,0.0
2025-10-22,642:WA:SNTL,Morse Lake,5400,0.2,0.0,39.6,0.0
2025-10-23,642:WA:SNTL,Morse Lake,5400,0.1,0.0,39.4,0.0
2025-10-24,642:WA:SNTL,Morse Lake,5400,0.3,0.0,32.9,1.5
2025-10-25,642:WA:SNTL,Morse Lake,5400,1.6,10.0,30.0,1.1
2025-10-26,642:WA:SNTL,Morse Lake,5400,2.5,17.0,26.2,1.2
2025-10-27,642:WA:SNTL,Morse Lake,5400,2.6,14.0,23.7,0.2
2025-10-28,642:WA:SNTL,Morse Lake,5400,2.9,13.0,34.5,0.5
2025-10-29,642:WA:SNTL,Morse Lake,5400,2.8,9.0,27.1,0.4
2025-10-30,642:WA:SNTL,Morse Lake,5400,2.7,8.0,26.2,0.0
2025-10-31,642:WA:SNTL,Morse Lake,5400,2.7,9.0,38.1,0.3
2025-11-01,642:WA:SNTL,Morse Lake,5400,2.1,5.0,32.5,2.2
2025-11-02,642:WA:SNTL,Morse Lake,5400,2.2,3.0,29.5,0.1
2025-11-03,642:WA:SNTL,Morse Lake,5400,3.0,12.0,30.0,0.6
2025-11-04,642:WA:SNTL,Morse Lake,5400,3.2,12.0,33.6,0.4
2025-11-05,642:WA:SNTL,Morse Lake,5400,3.8,14.0,34.7,2.0
2025-11-06,642:WA:SNTL,Morse Lake,5400,4.1,12.0,31.5,1.8
2025-11-07,642:WA:SNTL,Morse Lake,5400,4.4,13.0,28.4,0.4
2025-11-08,642:WA:SNTL,Morse Lake,5400,4.3,11.0,32.4,0.0
2025-11-09,642:WA:SNTL,Morse Lake,5400,4.3,8.0,36.5,0.0
2025-11-10,642:WA:SNTL,Morse Lake,5400,4.1,12.0,36.0,0.0
2025-11-11,642:WA:SNTL,Morse Lake,5400,4.1,12.0,37.8,0.0
2025-11-12,642:WA:SNTL,Morse Lake,5400,4.0,10.0,39.2,0.2
2025-11-13,642:WA:SNTL,Morse Lake,5400,3.4,11.0,39.4,0.9
2025-11-14,642:WA:SNTL,Morse Lake,5400,3.1,9.0,41.4,0.3
2025-11-15,642:WA:SNTL,Morse Lake,5400,2.7,6.0,39.0,0.2
2025-11-16,642:WA:SNTL,Morse Lake,5400,2.4,4.0,39.6,0.0
2025-11-17,642:WA:SNTL,Morse Lake,5400,2.3,5.0,28.8,0.2
2025-11-18,642:WA:SNTL,Morse Lake,5400,2.3,4.0,24.1,0.2
2025-11-19,642:WA:SNTL,Morse Lake,5400,2.2,4.0,29.5,0.0
2025-11-20,642:WA:SNTL,Morse Lake,5400,2.5,3.0,26.6,0.0
2025-11-21,642:WA:SNTL,Morse Lake,5400,2.5,3.0,34.7,0.0
2025-11-22,642:WA:SNTL,Morse Lake,5400,2.5,4.0,36.0,0.0
2025-11-23,642:WA:SNTL,Morse Lake,5400,2.7,5.0,28.6,0.3
2025-11-24,642:WA:SNTL,Morse Lake,5400,2.6,5.0,25.2,0.3
2025-11-25,642:WA:SNTL,Morse Lake,5400,3.0,8.0,33.1,0.1
2025-11-26,642:WA:SNTL,Morse Lake,5400,3.0,8.0,33.3,0.1
2025-11-27,642:WA:SNTL,Morse Lake,5400,4.2,17.0,30.6,1.0
2025-11-28,642:WA:SNTL,Morse Lake,5400,4.3,15.0,21.9,0.4
2025-11-29,642:WA:SNTL,Morse Lake,5400,4.3,14.0,18.1,0.0
2025-11-30,642:WA:SNTL,Morse Lake,5400,4.3,12.0,25.9,0.0
2025-12-01,642:WA:SNTL,Morse Lake,5400,4.3,16.0,34.3,0.1
2025-12-02,642:WA:SNTL,Morse Lake,5400,4.6,19.0,24.6,0.4
2025-12-03,642:WA:SNTL,Morse Lake,5400,4.6,20.0,30.7,0.0
2025-12-04,642:WA:SNTL,Morse Lake,5400,5.1,19.0,34.3,0.6
2025-12-05,642:WA:SNTL,Morse Lake,5400,5.1,15.0,35.6,0.3
2025-12-06,642:WA:SNTL,Morse Lake,5400,5.3,13.0,33.6,0.3
2025-12-07,642:WA:SNTL,Morse Lake,5400,6.2,18.0,34.7,0.9
2025-12-08,642:WA:SNTL,Morse Lake,5400,6.6,19.0,37.8,3.1
2025-12-09,642:WA:SNTL,Morse Lake,5400,7.8,21.0,41.5,1.5
2025-12-10,642:WA:SNTL,Morse Lake,5400,6.9,17.0,45.3,0.6
2025-12-11,642:WA:SNTL,Morse Lake,5400,6.3,15.0,41.0,0.5
2025-12-12,642:WA:SNTL,Morse Lake,5400,6.2,11.0,32.9,0.1
2025-12-13,642:WA:SNTL,Morse Lake,5400,6.3,14.0,34.5,0.0
2025-12-14,642:WA:SNTL,Morse Lake,5400,5.8,14.0,42.6,0.0
2025-12-15,642:WA:SNTL,Morse Lake,5400,5.2,9.0,35.6,1.9
2025-12-16,642:WA:SNTL,Morse Lake,5400,6.7,18.0,37.6,2.1
2025-12-17,642:WA:SNTL,Morse Lake,5400,7.7,28.0,28.6,1.6
2025-12-18,642:WA:SNTL,Morse Lake,5400,10.1,30.0,29.8,2.3
2025-12-19,642:WA:SNTL,Morse Lake,5400,10.2,30.0,25.7,0.3
2025-12-20,642:WA:SNTL,Morse Lake,5400,10.7,31.0,28.4,0.5
2025-12-21,642:WA:SNTL,Morse Lake,5400,10.8,32.0,28.6,0.8
2025-12-22,642:WA:SNTL,Morse Lake,5400,11.5,36.0,27.7,0.7
2025-12-23,642:WA:SNTL,Morse Lake,5400,11.6,36.0,28.6,0.1
2025-12-24,642:WA:SNTL,Morse Lake,5400,12.2,40.0,25.0,0.7
2025-12-25,642:WA:SNTL,Morse Lake,5400,12.7,45.0,28.6,0.4
2025-12-26,642:WA:SNTL,Morse Lake,5400,13.2,49.0,21.6,0.5
2025-12-27,642:WA:SNTL,Morse Lake,5400,13.3,45.0,19.8,0.2
2025-12-28,642:WA:SNTL,Morse Lake,5400,13.3,43.0,28.0,0.0
2025-12-29,642:WA:SNTL,Morse Lake,5400,13.3,38.0,23.2,0.1
2025-12-30,642:WA:SNTL,Morse Lake,5400,13.3,36.0,27.3,0.0
2025-12-31,642:WA:SNTL,Morse Lake,5400,13.4,35.0,,0.0
2026-01-01,642:WA:SNTL,Morse Lake,5400,14.0,41.0,34.3,0.1
2026-01-02,642:WA:SNTL,Morse Lake,5400,14.1,37.0,34.7,0.4
2026-01-03,642:WA:SNTL,Morse Lake,5400,14.7,39.0,33.3,0.6
2026-01-04,642:WA:SNTL,Morse Lake,5400,15.2,44.0,28.2,0.8
2026-01-05,642:WA:SNTL,Morse Lake,5400,15.2,46.0,23.7,0.4
2026-01-06,642:WA:SNTL,Morse Lake,5400,16.5,60.0,25.3,0.7
2026-01-07,642:WA:SNTL,Morse Lake,5400,17.1,58.0,24.3,0.5
2026-01-08,642:WA:SNTL,Morse Lake,5400,17.6,57.0,26.2,0.8
2026-01-09,642:WA:SNTL,Morse Lake,5400,17.5,56.0,30.0,0.2
2026-01-10,642:WA:SNTL,Morse Lake,5400,17.5,54.0,30.7,0.0
2026-01-11,642:WA:SNTL,Morse Lake,5400,17.7,54.0,42.1,0.1
2026-01-12,642:WA:SNTL,Morse Lake,5400,17.6,48.0,36.3,0.0
2026-01-13,642:WA:SNTL,Morse Lake,5400,17.5,50.0,35.8,0.0
2026-01-14,642:WA:SNTL,Morse Lake,5400,17.5,50.0,40.6,0.0
2026-01-15,642:WA:SNTL,Morse Lake,5400,17.5,49.0,28.8,0.1
2026-01-16,642:WA:SNTL,Morse Lake,5400,17.5,48.0,29.8,0.0
2026-01-17,642:WA:SNTL,Morse Lake,5400,17.5,48.0,29.1,0.0
2026-01-18,642:WA:SNTL,Morse Lake,5400,17.5,48.0,28.4,0.0
2026-01-19,642:WA:SNTL,Morse Lake,5400,17.6,48.0,34.0,0.0
2026-01-20,642:WA:SNTL,Morse Lake,5400,17.8,47.0,23.2,0.1
2026-01-21,642:WA:SNTL,Morse Lake,5400,17.9,47.0,23.7,0.0
2026-01-22,642:WA:SNTL,Morse Lake,5400,18.0,47.0,17.8,0.0
2026-01-23,642:WA:SNTL,Morse Lake,5400,18.0,47.0,15.8,0.0
2026-01-24,642:WA:SNTL,Morse Lake,5400,18.0,47.0,26.2,0.0
2026-01-25,642:WA:SNTL,Morse Lake,5400,17.8,47.0,25.7,0.0
2026-01-26,642:WA:SNTL,Morse Lake,5400,17.6,47.0,29.5,0.0
2026-01-27,642:WA:SNTL,Morse Lake,5400,17.5,47.0,32.0,0.0
2026-01-28,642:WA:SNTL,Morse Lake,5400,18.0,50.0,34.0,0.4
2026-01-29,642:WA:SNTL,Morse Lake,5400,18.7,58.0,36.7,1.0
2026-01-30,642:WA:SNTL,Morse Lake,5400,18.7,58.0,34.9,0.1
2026-01-31,642:WA:SNTL,Morse Lake,5400,19.2,55.0,31.6,0.2
2026-02-01,642:WA:SNTL,Morse Lake,5400,19.6,55.0,31.3,0.3
2026-02-02,642:WA:SNTL,Morse Lake,5400,20.4,58.0,34.3,0.5
2026-02-03,642:WA:SNTL,Morse Lake,5400,20.4,57.0,35.4,0.0
2026-02-04,642:WA:SNTL,Morse Lake,5400,20.4,56.0,36.0,0.0
2026-02-05,642:WA:SNTL,Morse Lake,5400,20.4,56.0,35.1,0.0
2026-02-06,642:WA:SNTL,Morse Lake,5400,20.3,55.0,43.0,0.0
2026-02-07,642:WA:SNTL,Morse Lake,5400,21.3,56.0,34.3,0.9
2026-02-08,642:WA:SNTL,Morse Lake,5400,21.3,56.0,28.4,0.1
2026-02-09,642:WA:SNTL,Morse Lake,5400,21.2,53.0,27.0,0.1
2026-02-10,642:WA:SNTL,Morse Lake,5400,21.0,57.0,19.8,0.2
2026-02-11,642:WA:SNTL,Morse Lake,5400,20.8,57.0,22.6,0.0
2026-02-12,642:WA:SNTL,Morse Lake,5400,20.6,57.0,26.6,0.0
2026-02-13,642:WA:SNTL,Morse Lake,5400,21.0,63.0,30.0,0.0
2026-02-14,642:WA:SNTL,Morse Lake,5400,21.4,60.0,27.1,0.5
2026-02-15,642:WA:SNTL,Morse Lake,5400,21.7,63.0,29.5,0.1
2026-02-16,642:WA:SNTL,Morse Lake,5400,21.9,64.0,19.6,0.4
2026-02-17,642:WA:SNTL,Morse Lake,5400,22.1,64.0,20.5,0.2
2026-02-18,642:WA:SNTL,Morse Lake,5400,22.2,67.0,20.3,0.1
2026-02-19,642:WA:SNTL,Morse Lake,5400,22.4,66.0,16.9,0.2
2026-02-20,642:WA:SNTL,Morse Lake,5400,22.3,66.0,21.2,0.0
2026-02-21,642:WA:SNTL,Morse Lake,5400,22.8,69.0,24.6,0.5
2026-02-22,642:WA:SNTL,Morse Lake,5400,23.8,76.0,33.1,0.5
2026-02-23,642:WA:SNTL,Morse Lake,5400,25.0,82.0,28.0,1.1
2026-02-24,642:WA:SNTL,Morse Lake,5400,25.3,84.0,24.3,0.6
2026-02-25,642:WA:SNTL,Morse Lake,5400,25.3,82.0,25.0,0.0
2026-02-26,642:WA:SNTL,Morse Lake,5400,25.5,80.0,27.5,0.0
2026-02-27,642:WA:SNTL,Morse Lake,5400,25.6,78.0,24.4,0.0
2026-02-28,642:WA:SNTL,Morse Lake,5400,25.5,77.0,30.6,0.0
2026-03-01,642:WA:SNTL,Morse Lake,5400,25.6,76.0,28.2,0.0
2026-03-02,642:WA:SNTL,Morse Lake,5400,25.6,74.0,36.3,0.0
2026-03-03,642:WA:SNTL,Morse Lake,5400,25.7,72.0,34.3,0.2
2026-03-04,642:WA:SNTL,Morse Lake,5400,26.2,76.0,30.6,0.5
2026-03-05,642:WA:SNTL,Morse Lake,5400,26.2,74.0,29.3,0.1
2026-03-06,642:WA:SNTL,Morse Lake,5400,26.3,73.0,36.9,0.0
2026-03-07,642:WA:SNTL,Morse Lake,5400,26.5,70.0,36.3,0.0
2026-03-08,642:WA:SNTL,Morse Lake,5400,26.6,69.0,22.8,0.2
2026-03-09,642:WA:SNTL,Morse Lake,5400,27.0,75.0,15.4,0.7
2026-03-10,642:WA:SNTL,Morse Lake,5400,27.1,76.0,25.0,0.1
2026-03-11,642:WA:SNTL,Morse Lake,5400,29.7,90.0,35.1,2.3
2026-03-12,642:WA:SNTL,Morse Lake,5400,31.0,93.0,33.1,1.0
2026-03-13,642:WA:SNTL,Morse Lake,5400,33.6,110.0,30.6,2.4
2026-03-14,642:WA:SNTL,Morse Lake,5400,33.6,107.0,16.3,0.4
2026-03-15,642:WA:SNTL,Morse Lake,5400,33.7,105.0,35.4,0.0
2026-03-16,642:WA:SNTL,Morse Lake,5400,34.1,98.0,48.0,0.1
2026-03-17,642:WA:SNTL,Morse Lake,5400,34.4,90.0,39.9,0.2
2026-03-18,642:WA:SNTL,Morse Lake,5400,33.9,84.0,47.5,0.0
2026-03-19,642:WA:SNTL,Morse Lake,5400,33.2,79.0,43.0,0.4
2026-03-20,642:WA:SNTL,Morse Lake,5400,32.2,76.0,33.4,0.4
2026-03-21,642:WA:SNTL,Morse Lake,5400,31.7,76.0,23.9,0.0
2026-03-22,642:WA:SNTL,Morse Lake,5400,31.6,75.0,28.6,0.0
2026-03-23,642:WA:SNTL,Morse Lake,5400,31.3,74.0,37.6,0.0
2026-03-24,642:WA:SNTL,Morse Lake,5400,32.7,76.0,31.8,1.7
2026-03-25,642:WA:SNTL,Morse Lake,5400,32.2,74.0,21.9,0.4
2026-03-26,642:WA:SNTL,Morse Lake,5400,32.7,75.0,22.3,0.0
2026-03-27,642:WA:SNTL,Morse Lake,5400,32.3,75.0,32.9,0.0
2026-03-28,642:WA:SNTL,Morse Lake,5400,31.9,73.0,31.5,0.0
2026-03-29,642:WA:SNTL,Morse Lake,5400,32.1,74.0,22.3,0.2
2026-03-30,642:WA:SNTL,Morse Lake,5400,32.4,74.0,19.2,0.0
2026-03-31,642:WA:SNTL,Morse Lake,5400,32.1,72.0,32.2,0.0
2026-04-01,642:WA:SNTL,Morse Lake,5400,33.1,82.0,27.5,1.0
2026-04-02,642:WA:SNTL,Morse Lake,5400,33.1,79.0,27.0,0.0
2026-04-03,642:WA:SNTL,Morse Lake,5400,33.1,77.0,30.2,0.0
2026-04-04,642:WA:SNTL,Morse Lake,5400,33.2,75.0,34.0,0.0
2026-04-05,642:WA:SNTL,Morse Lake,5400,32.8,73.0,36.7,0.0
2026-04-06,642:WA:SNTL,Morse Lake,5400,32.3,71.0,38.8,0.0
2026-04-07,642:WA:SNTL,Morse Lake,5400,31.6,69.0,28.9,0.1
2025-10-01,672:WA:SNTL,Olallie Meadows,4010,0.2,1.0,40.8,0.4
2025-10-02,672:WA:SNTL,Olallie Meadows,4010,0.2,1.0,42.8,0.1
2025-10-03,672:WA:SNTL,Olallie Meadows,4010,0.2,2.0,43.2,0.0
2025-10-04,672:WA:SNTL,Olallie Meadows,4010,0.2,2.0,40.3,0.1
2025-10-05,672:WA:SNTL,Olallie Meadows,4010,0.2,2.0,45.0,0.1
2025-10-06,672:WA:SNTL,Olallie Meadows,4010,0.2,1.0,52.2,0.1
2025-10-07,672:WA:SNTL,Olallie Meadows,4010,0.2,1.0,48.6,0.0
2025-10-08,672:WA:SNTL,Olallie Meadows,4010,0.2,1.0,45.1,0.0
2025-10-09,672:WA:SNTL,Olallie Meadows,4010,0.3,1.0,56.3,0.0
2025-10-10,672:WA:SNTL,Olallie Meadows,4010,0.2,2.0,39.6,0.0
2025-10-11,672:WA:SNTL,Olallie Meadows,4010,0.1,2.0,36.1,0.9
2025-10-12,672:WA:SNTL,Olallie Meadows,4010,0.2,1.0,32.2,0.7
2025-10-13,672:WA:SNTL,Olallie Meadows,4010,0.2,1.0,33.1,0.0
2025-10-14,672:WA:SNTL,Olallie Meadows,4010,0.2,2.0,35.2,0.1
2025-10-15,672:WA:SNTL,Olallie Meadows,4010,0.2,1.0,39.9,0.0
2025-10-16,672:WA:SNTL,Olallie Meadows,4010,0.1,1.0,39.0,0.1
2025-10-17,672:WA:SNTL,Olallie Meadows,4010,0.1,0.0,35.8,0.0
2025-10-18,672:WA:SNTL,Olallie Meadows,4010,0.1,2.0,41.7,0.8
2025-10-19,672:WA:SNTL,Olallie Meadows,4010,0.2,1.0,36.5,2.6
2025-10-20,672:WA:SNTL,Olallie Meadows,4010,0.1,0.0,38.5,0.2
2025-10-21,672:WA:SNTL,Olallie Meadows,4010,0.1,0.0,40.5,0.1
2025-10-22,672:WA:SNTL,Olallie Meadows,4010,0.1,1.0,41.5,0.0
2025-10-23,672:WA:SNTL,Olallie Meadows,4010,0.1,2.0,42.4,0.0
2025-10-24,672:WA:SNTL,Olallie Meadows,4010,0.1,0.0,34.9,1.4
2025-10-25,672:WA:SNTL,Olallie Meadows,4010,0.4,2.0,32.0,0.3
2025-10-26,672:WA:SNTL,Olallie Meadows,4010,1.9,11.0,30.6,1.6
2025-10-27,672:WA:SNTL,Olallie Meadows,4010,2.5,12.0,30.4,0.6
2025-10-28,672:WA:SNTL,Olallie Meadows,4010,2.9,10.0,35.8,0.9
2025-10-29,672:WA:SNTL,Olallie Meadows,4010,2.3,8.0,34.3,0.4
2025-10-30,672:WA:SNTL,Olallie Meadows,4010,2.2,7.0,36.9,0.1
2025-10-31,672:WA:SNTL,Olallie Meadows,4010,2.2,5.0,39.9,1.4
2025-11-01,672:WA:SNTL,Olallie Meadows,4010,1.2,2.0,33.1,2.3
2025-11-02,672:WA:SNTL,Olallie Meadows,4010,1.0,2.0,35.1,0.2
2025-11-03,672:WA:SNTL,Olallie Meadows,4010,1.3,4.0,32.0,0.2
2025-11-04,672:WA:SNTL,Olallie Meadows,4010,1.4,3.0,36.0,0.1
2025-11-05,672:WA:SNTL,Olallie Meadows,4010,0.9,2.0,38.3,1.0
2025-11-06,672:WA:SNTL,Olallie Meadows,4010,0.6,1.0,33.4,2.4
2025-11-07,672:WA:SNTL,Olallie Meadows,4010,1.1,3.0,32.2,0.7
2025-11-08,672:WA:SNTL,Olallie Meadows,4010,1.0,3.0,37.2,0.0
2025-11-09,672:WA:SNTL,Olallie Meadows,4010,1.0,2.0,46.9,0.0
2025-11-10,672:WA:SNTL,Olallie Meadows,4010,0.3,2.0,36.7,0.2
2025-11-11,672:WA:SNTL,Olallie Meadows,4010,0.2,2.0,37.0,0.0
2025-11-12,672:WA:SNTL,Olallie Meadows,4010,0.0,2.0,38.1,0.0
2025-11-13,672:WA:SNTL,Olallie Meadows,4010,0.1,1.0,41.9,1.1
2025-11-14,672:WA:SNTL,Olallie Meadows,4010,0.1,2.0,42.6,2.0
2025-11-15,672:WA:SNTL,Olallie Meadows,4010,0.0,0.0,44.6,0.8
2025-11-16,672:WA:SNTL,Olallie Meadows,4010,0.0,0.0,43.0,0.0
2025-11-17,672:WA:SNTL,Olallie Meadows,4010,0.0,0.0,29.8,0.2
2025-11-18,672:WA:SNTL,Olallie Meadows,4010,0.0,0.0,28.2,0.1
2025-11-19,672:WA:SNTL,Olallie Meadows,4010,0.0,0.0,32.5,0.0
2025-11-20,672:WA:SNTL,Olallie Meadows,4010,0.0,0.0,32.2,0.0
2025-11-21,672:WA:SNTL,Olallie Meadows,4010,0.0,0.0,37.9,0.0
2025-11-22,672:WA:SNTL,Olallie Meadows,4010,0.0,0.0,38.7,0.3
2025-11-23,672:WA:SNTL,Olallie Meadows,4010,0.0,0.0,29.7,1.1
2025-11-24,672:WA:SNTL,Olallie Meadows,4010,0.5,4.0,27.9,0.5
2025-11-25,672:WA:SNTL,Olallie Meadows,4010,1.5,9.0,28.9,1.0
2025-11-26,672:WA:SNTL,Olallie Meadows,4010,1.5,8.0,31.5,0.1
2025-11-27,672:WA:SNTL,Olallie Meadows,4010,2.0,9.0,31.8,0.5
2025-11-28,672:WA:SNTL,Olallie Meadows,4010,2.0,8.0,28.6,0.0
2025-11-29,672:WA:SNTL,Olallie Meadows,4010,2.0,8.0,24.1,0.0
2025-11-30,672:WA:SNTL,Olallie Meadows,4010,1.9,8.0,27.7,0.0
2025-12-01,672:WA:SNTL,Olallie Meadows,4010,2.2,9.0,31.5,0.3
2025-12-02,672:WA:SNTL,Olallie Meadows,4010,2.4,9.0,28.9,0.2
2025-12-03,672:WA:SNTL,Olallie Meadows,4010,2.4,9.0,31.6,0.0
2025-12-04,672:WA:SNTL,Olallie Meadows,4010,2.9,10.0,36.0,0.7
2025-12-05,672:WA:SNTL,Olallie Meadows,4010,2.6,8.0,36.1,1.2
2025-12-06,672:WA:SNTL,Olallie Meadows,4010,2.4,7.0,35.4,0.7
2025-12-07,672:WA:SNTL,Olallie Meadows,4010,2.4,6.0,37.6,1.7
2025-12-08,672:WA:SNTL,Olallie Meadows,4010,1.4,2.0,32.5,5.5
2025-12-09,672:WA:SNTL,Olallie Meadows,4010,2.4,6.0,32.9,2.2
2025-12-10,672:WA:SNTL,Olallie Meadows,4010,0.1,1.0,45.3,6.0
2025-12-11,672:WA:SNTL,Olallie Meadows,4010,0.0,0.0,42.8,3.1
2025-12-12,672:WA:SNTL,Olallie Meadows,4010,0.0,0.0,40.1,0.8
2025-12-13,672:WA:SNTL,Olallie Meadows,4010,0.0,0.0,45.7,0.0
2025-12-14,672:WA:SNTL,Olallie Meadows,4010,0.0,0.0,42.6,0.0
2025-12-15,672:WA:SNTL,Olallie Meadows,4010,0.0,0.0,34.7,3.6
2025-12-16,672:WA:SNTL,Olallie Meadows,4010,0.0,0.0,40.3,2.6
2025-12-17,672:WA:SNTL,Olallie Meadows,4010,0.4,3.0,30.6,1.6
2025-12-18,672:WA:SNTL,Olallie Meadows,4010,2.3,7.0,28.8,2.6
2025-12-19,672:WA:SNTL,Olallie Meadows,4010,3.2,14.0,26.8,0.8
2025-12-20,672:WA:SNTL,Olallie Meadows,4010,4.9,25.0,30.2,1.6
2025-12-21,672:WA:SNTL,Olallie Meadows,4010,5.4,26.0,29.1,0.6
2025-12-22,672:WA:SNTL,Olallie Meadows,4010,6.1,30.0,27.1,1.0
2025-12-23,672:WA:SNTL,Olallie Meadows,4010,6.2,28.0,30.0,0.0
2025-12-24,672:WA:SNTL,Olallie Meadows,4010,6.5,26.0,29.7,0.4
2025-12-25,672:WA:SNTL,Olallie Meadows,4010,6.5,26.0,30.6,0.0
2025-12-26,672:WA:SNTL,Olallie Meadows,4010,7.6,31.0,23.5,0.9
2025-12-27,672:WA:SNTL,Olallie Meadows,4010,8.1,34.0,21.6,0.5
2025-12-28,672:WA:SNTL,Olallie Meadows,4010,8.1,32.0,21.2,0.2
2025-12-29,672:WA:SNTL,Olallie Meadows,4010,8.1,31.0,23.7,0.0
2025-12-30,672:WA:SNTL,Olallie Meadows,4010,8.0,30.0,23.7,0.0
2025-12-31,672:WA:SNTL,Olallie Meadows,4010,8.0,29.0,,0.0
2026-01-01,672:WA:SNTL,Olallie Meadows,4010,8.3,29.0,27.5,0.0
2026-01-02,672:WA:SNTL,Olallie Meadows,4010,8.4,27.0,35.2,0.8
2026-01-03,672:WA:SNTL,Olallie Meadows,4010,8.5,26.0,32.5,0.0
2026-01-04,672:WA:SNTL,Olallie Meadows,4010,9.2,30.0,30.0,0.7
2026-01-05,672:WA:SNTL,Olallie Meadows,4010,9.7,34.0,26.1,0.5
2026-01-06,672:WA:SNTL,Olallie Meadows,4010,11.5,46.0,26.4,1.3
2026-01-07,672:WA:SNTL,Olallie Meadows,4010,12.2,47.0,26.4,0.6
2026-01-08,672:WA:SNTL,Olallie Meadows,4010,13.2,48.0,28.9,0.7
2026-01-09,672:WA:SNTL,Olallie Meadows,4010,13.3,47.0,29.8,0.4
2026-01-10,672:WA:SNTL,Olallie Meadows,4010,13.3,45.0,33.3,0.3
2026-01-11,672:WA:SNTL,Olallie Meadows,4010,13.6,42.0,39.7,1.1
2026-01-12,672:WA:SNTL,Olallie Meadows,4010,12.8,35.0,44.6,0.6
2026-01-13,672:WA:SNTL,Olallie Meadows,4010,12.4,33.0,43.3,0.0
2026-01-14,672:WA:SNTL,Olallie Meadows,4010,12.3,32.0,38.3,0.0
2026-01-15,672:WA:SNTL,Olallie Meadows,4010,12.3,32.0,38.7,0.0
2026-01-16,672:WA:SNTL,Olallie Meadows,4010,12.3,32.0,34.3,0.4
2026-01-17,672:WA:SNTL,Olallie Meadows,4010,12.3,31.0,25.0,0.0
2026-01-18,672:WA:SNTL,Olallie Meadows,4010,12.2,31.0,33.3,0.0
2026-01-19,672:WA:SNTL,Olallie Meadows,4010,12.3,31.0,36.7,0.0
2026-01-20,672:WA:SNTL,Olallie Meadows,4010,12.6,31.0,19.2,0.1
2026-01-21,672:WA:SNTL,Olallie Meadows,4010,12.9,31.0,17.6,0.0
2026-01-22,672:WA:SNTL,Olallie Meadows,4010,12.9,31.0,18.5,0.0
2026-01-23,672:WA:SNTL,Olallie Meadows,4010,12.7,31.0,19.4,0.0
2026-01-24,672:WA:SNTL,Olallie Meadows,4010,11.9,30.0,30.4,0.0
2026-01-25,672:WA:SNTL,Olallie Meadows,4010,11.2,30.0,24.6,0.0
2026-01-26,672:WA:SNTL,Olallie Meadows,4010,10.9,30.0,32.9,0.0
2026-01-27,672:WA:SNTL,Olallie Meadows,4010,10.9,31.0,28.2,0.0
2026-01-28,672:WA:SNTL,Olallie Meadows,4010,11.7,32.0,33.8,0.4
2026-01-29,672:WA:SNTL,Olallie Meadows,4010,13.0,33.0,34.2,0.9
2026-01-30,672:WA:SNTL,Olallie Meadows,4010,12.7,32.0,40.5,0.4
2026-01-31,672:WA:SNTL,Olallie Meadows,4010,12.3,31.0,33.6,0.5
2026-02-01,672:WA:SNTL,Olallie Meadows,4010,12.5,30.0,34.3,0.8
2026-02-02,672:WA:SNTL,Olallie Meadows,4010,12.7,30.0,40.1,0.5
2026-02-03,672:WA:SNTL,Olallie Meadows,4010,12.5,30.0,38.1,0.2
2026-02-04,672:WA:SNTL,Olallie Meadows,4010,12.1,29.0,37.8,0.0
2026-02-05,672:WA:SNTL,Olallie Meadows,4010,12.0,28.0,35.1,0.2
2026-02-06,672:WA:SNTL,Olallie Meadows,4010,11.9,28.0,40.8,0.0
2026-02-07,672:WA:SNTL,Olallie Meadows,4010,12.3,28.0,36.3,0.8
2026-02-08,672:WA:SNTL,Olallie Meadows,4010,11.9,28.0,31.3,0.2
2026-02-09,672:WA:SNTL,Olallie Meadows,4010,12.3,30.0,30.7,0.3
2026-02-10,672:WA:SNTL,Olallie Meadows,4010,12.3,29.0,30.6,0.0
2026-02-11,672:WA:SNTL,Olallie Meadows,4010,12.2,29.0,31.8,0.0
2026-02-12,672:WA:SNTL,Olallie Meadows,4010,12.2,29.0,31.6,0.1
2026-02-13,672:WA:SNTL,Olallie Meadows,4010,12.5,31.0,29.8,0.2
2026-02-14,672:WA:SNTL,Olallie Meadows,4010,12.8,33.0,26.4,0.4
2026-02-15,672:WA:SNTL,Olallie Meadows,4010,12.8,33.0,28.9,0.0
2026-02-16,672:WA:SNTL,Olallie Meadows,4010,13.0,34.0,20.3,0.3
2026-02-17,672:WA:SNTL,Olallie Meadows,4010,13.0,34.0,23.7,0.0
2026-02-18,672:WA:SNTL,Olallie Meadows,4010,13.2,36.0,23.9,0.3
2026-02-19,672:WA:SNTL,Olallie Meadows,4010,13.3,36.0,17.8,0.0
2026-02-20,672:WA:SNTL,Olallie Meadows,4010,13.3,35.0,23.5,0.0
2026-02-21,672:WA:SNTL,Olallie Meadows,4010,13.5,36.0,29.1,0.0
2026-02-22,672:WA:SNTL,Olallie Meadows,4010,13.7,36.0,31.5,0.0
2026-02-23,672:WA:SNTL,Olallie Meadows,4010,14.5,42.0,27.7,0.8
2026-02-24,672:WA:SNTL,Olallie Meadows,4010,14.7,41.0,24.1,0.3
2026-02-25,672:WA:SNTL,Olallie Meadows,4010,15.0,41.0,28.0,0.0
2026-02-26,672:WA:SNTL,Olallie Meadows,4010,15.3,42.0,30.6,0.2
2026-02-27,672:WA:SNTL,Olallie Meadows,4010,15.4,41.0,30.6,0.1
2026-02-28,672:WA:SNTL,Olallie Meadows,4010,15.4,40.0,31.6,0.0
2026-03-01,672:WA:SNTL,Olallie Meadows,4010,15.4,40.0,35.4,0.0
2026-03-02,672:WA:SNTL,Olallie Meadows,4010,15.4,40.0,37.4,0.0
2026-03-03,672:WA:SNTL,Olallie Meadows,4010,15.5,38.0,36.7,0.2
2026-03-04,672:WA:SNTL,Olallie Meadows,4010,15.6,40.0,32.2,0.8
2026-03-05,672:WA:SNTL,Olallie Meadows,4010,15.9,39.0,30.9,0.6
2026-03-06,672:WA:SNTL,Olallie Meadows,4010,16.4,38.0,37.4,0.8
2026-03-07,672:WA:SNTL,Olallie Meadows,4010,15.4,35.0,37.6,0.6
2026-03-08,672:WA:SNTL,Olallie Meadows,4010,15.3,34.0,25.5,1.4
2026-03-09,672:WA:SNTL,Olallie Meadows,4010,16.3,41.0,22.6,1.0
2026-03-10,672:WA:SNTL,Olallie Meadows,4010,16.9,45.0,26.4,0.8
2026-03-11,672:WA:SNTL,Olallie Meadows,4010,19.9,52.0,32.5,3.7
2026-03-12,672:WA:SNTL,Olallie Meadows,4010,21.5,60.0,26.8,2.0
2026-03-13,672:WA:SNTL,Olallie Meadows,4010,25.7,85.0,27.5,3.4
2026-03-14,672:WA:SNTL,Olallie Meadows,4010,25.9,82.0,20.1,0.9
2026-03-15,672:WA:SNTL,Olallie Meadows,4010,26.3,80.0,32.2,0.2
2026-03-16,672:WA:SNTL,Olallie Meadows,4010,25.5,75.0,45.3,0.6
2026-03-17,672:WA:SNTL,Olallie Meadows,4010,25.6,68.0,43.3,1.4
2026-03-18,672:WA:SNTL,Olallie Meadows,4010,24.7,56.0,44.1,1.5
2026-03-19,672:WA:SNTL,Olallie Meadows,4010,23.7,52.0,44.2,1.5
2026-03-20,672:WA:SNTL,Olallie Meadows,4010,22.4,49.0,34.5,2.0
2026-03-21,672:WA:SNTL,Olallie Meadows,4010,22.2,49.0,28.6,0.0
2026-03-22,672:WA:SNTL,Olallie Meadows,4010,22.5,49.0,33.4,0.0
2026-03-23,672:WA:SNTL,Olallie Meadows,4010,22.5,49.0,38.1,0.2
2026-03-24,672:WA:SNTL,Olallie Meadows,4010,22.6,47.0,33.1,1.6
2026-03-25,672:WA:SNTL,Olallie Meadows,4010,22.6,52.0,25.2,0.3
2026-03-26,672:WA:SNTL,Olallie Meadows,4010,23.0,51.0,30.4,0.3
2026-03-27,672:WA:SNTL,Olallie Meadows,4010,23.2,51.0,36.0,0.1
2026-03-28,672:WA:SNTL,Olallie Meadows,4010,23.2,50.0,30.4,0.1
2026-03-29,672:WA:SNTL,Olallie Meadows,4010,23.7,54.0,23.0,0.1
2026-03-30,672:WA:SNTL,Olallie Meadows,4010,23.9,53.0,27.0,0.2
2026-03-31,672:WA:SNTL,Olallie Meadows,4010,24.0,52.0,33.3,0.4
2026-04-01,672:WA:SNTL,Olallie Meadows,4010,24.3,53.0,28.8,0.1
2026-04-02,672:WA:SNTL,Olallie Meadows,4010,24.8,56.0,30.0,0.6
2026-04-03,672:WA:SNTL,Olallie Meadows,4010,24.9,55.0,34.5,0.1
2026-04-04,672:WA:SNTL,Olallie Meadows,4010,24.8,53.0,43.3,0.0
2026-04-05,672:WA:SNTL,Olallie Meadows,4010,24.4,51.0,45.5,0.3
2026-04-06,672:WA:SNTL,Olallie Meadows,4010,23.7,49.0,39.9,0.1
2026-04-07,672:WA:SNTL,Olallie Meadows,4010,23.5,49.0,31.8,
2025-10-01,1085:WA:SNTL,Cayuse Pass,5260,0.0,0.0,39.2,
2025-10-02,1085:WA:SNTL,Cayuse Pass,5260,0.0,0.0,39.7,
2025-10-03,1085:WA:SNTL,Cayuse Pass,5260,0.0,0.0,40.6,
2025-10-04,1085:WA:SNTL,Cayuse Pass,5260,0.0,0.0,38.5,
2025-10-05,1085:WA:SNTL,Cayuse Pass,5260,0.0,0.0,46.0,
2025-10-06,1085:WA:SNTL,Cayuse Pass,5260,0.0,0.0,49.5,
2025-10-07,1085:WA:SNTL,Cayuse Pass,5260,0.0,0.0,44.2,
2025-10-08,1085:WA:SNTL,Cayuse Pass,5260,0.0,0.0,46.6,
2025-10-09,1085:WA:SNTL,Cayuse Pass,5260,0.0,0.0,51.8,
2025-10-10,1085:WA:SNTL,Cayuse Pass,5260,0.0,0.0,36.7,
2025-10-11,1085:WA:SNTL,Cayuse Pass,5260,0.1,0.0,33.1,
2025-10-12,1085:WA:SNTL,Cayuse Pass,5260,0.6,3.0,30.6,
2025-10-13,1085:WA:SNTL,Cayuse Pass,5260,0.8,1.0,32.2,
2025-10-14,1085:WA:SNTL,Cayuse Pass,5260,0.6,2.0,35.6,
2025-10-15,1085:WA:SNTL,Cayuse Pass,5260,0.3,0.0,36.1,
2025-10-16,1085:WA:SNTL,Cayuse Pass,5260,0.1,0.0,35.2,
2025-10-17,1085:WA:SNTL,Cayuse Pass,5260,0.0,0.0,34.2,
2025-10-18,1085:WA:SNTL,Cayuse Pass,5260,0.1,0.0,39.0,
2025-10-19,1085:WA:SNTL,Cayuse Pass,5260,0.3,0.0,33.8,
2025-10-20,1085:WA:SNTL,Cayuse Pass,5260,0.0,0.0,37.9,
2025-10-21,1085:WA:SNTL,Cayuse Pass,5260,0.0,0.0,51.4,
2025-10-22,1085:WA:SNTL,Cayuse Pass,5260,0.0,0.0,38.7,
2025-10-23,1085:WA:SNTL,Cayuse Pass,5260,0.0,0.0,43.3,
2025-10-24,1085:WA:SNTL,Cayuse Pass,5260,0.1,0.0,32.5,
2025-10-25,1085:WA:SNTL,Cayuse Pass,5260,1.0,7.0,29.3,
2025-10-26,1085:WA:SNTL,Cayuse Pass,5260,2.4,16.0,27.5,
2025-10-27,1085:WA:SNTL,Cayuse Pass,5260,2.6,17.0,28.0,
2025-10-28,1085:WA:SNTL,Cayuse Pass,5260,2.6,12.0,37.2,
2025-10-29,1085:WA:SNTL,Cayuse Pass,5260,2.5,12.0,40.1,
2025-10-30,1085:WA:SNTL,Cayuse Pass,5260,2.4,11.0,39.2,
2025-10-31,1085:WA:SNTL,Cayuse Pass,5260,2.2,5.0,41.0,
2025-11-01,1085:WA:SNTL,Cayuse Pass,5260,0.8,2.0,32.2,
2025-11-02,1085:WA:SNTL,Cayuse Pass,5260,0.8,2.0,34.2,
2025-11-03,1085:WA:SNTL,Cayuse Pass,5260,1.9,10.0,30.9,
2025-11-04,1085:WA:SNTL,Cayuse Pass,5260,2.0,10.0,36.5,
2025-11-05,1085:WA:SNTL,Cayuse Pass,5260,1.7,4.0,36.0,
2025-11-06,1085:WA:SNTL,Cayuse Pass,5260,1.5,4.0,31.8,
2025-11-07,1085:WA:SNTL,Cayuse Pass,5260,2.2,8.0,31.1,
2025-11-08,1085:WA:SNTL,Cayuse Pass,5260,2.1,8.0,40.6,
2025-11-09,1085:WA:SNTL,Cayuse Pass,5260,1.4,3.0,49.3,
2025-11-10,1085:WA:SNTL,Cayuse Pass,5260,0.8,1.0,36.5,
2025-11-11,1085:WA:SNTL,Cayuse Pass,5260,0.5,0.0,44.1,
2025-11-12,1085:WA:SNTL,Cayuse Pass,5260,0.0,0.0,42.1,
2025-11-13,1085:WA:SNTL,Cayuse Pass,5260,0.0,0.0,39.4,
2025-11-14,1085:WA:SNTL,Cayuse Pass,5260,0.0,0.0,40.5,
2025-11-15,1085:WA:SNTL,Cayuse Pass,5260,0.0,0.0,43.7,
2025-11-16,1085:WA:SNTL,Cayuse Pass,5260,0.0,0.0,40.6,
2025-11-17,1085:WA:SNTL,Cayuse Pass,5260,0.0,0.0,27.9,
2025-11-18,1085:WA:SNTL,Cayuse Pass,5260,0.2,1.0,27.1,
2025-11-19,1085:WA:SNTL,Cayuse Pass,5260,0.2,1.0,30.4,
2025-11-20,1085:WA:SNTL,Cayuse Pass,5260,0.4,2.0,30.9,
2025-11-21,1085:WA:SNTL,Cayuse Pass,5260,0.4,3.0,35.8,
2025-11-22,1085:WA:SNTL,Cayuse Pass,5260,0.2,1.0,36.0,
2025-11-23,1085:WA:SNTL,Cayuse Pass,5260,0.3,1.0,28.9,
2025-11-24,1085:WA:SNTL,Cayuse Pass,5260,0.7,3.0,27.1,
2025-11-25,1085:WA:SNTL,Cayuse Pass,5260,1.8,11.0,31.5,
2025-11-26,1085:WA:SNTL,Cayuse Pass,5260,1.8,9.0,37.2,
2025-11-27,1085:WA:SNTL,Cayuse Pass,5260,3.0,13.0,32.2,
2025-11-28,1085:WA:SNTL,Cayuse Pass,5260,3.1,15.0,33.8,
2025-11-29,1085:WA:SNTL,Cayuse Pass,5260,3.1,15.0,26.6,
2025-11-30,1085:WA:SNTL,Cayuse Pass,5260,3.0,14.0,36.5,
2025-12-01,1085:WA:SNTL,Cayuse Pass,5260,3.1,12.0,28.9,
2025-12-02,1085:WA:SNTL,Cayuse Pass,5260,3.2,16.0,30.0,
2025-12-03,1085:WA:SNTL,Cayuse Pass,5260,3.2,13.0,30.0,
2025-12-04,1085:WA:SNTL,Cayuse Pass,5260,3.5,15.0,33.8,
2025-12-05,1085:WA:SNTL,Cayuse Pass,5260,3.6,10.0,34.5,
2025-12-06,1085:WA:SNTL,Cayuse Pass,5260,3.8,14.0,33.6,
2025-12-07,1085:WA:SNTL,Cayuse Pass,5260,4.8,17.0,35.1,
2025-12-08,1085:WA:SNTL,Cayuse Pass,5260,5.0,14.0,36.7,
2025-12-09,1085:WA:SNTL,Cayuse Pass,5260,5.4,19.0,40.3,
2025-12-10,1085:WA:SNTL,Cayuse Pass,5260,3.9,10.0,42.8,
2025-12-11,1085:WA:SNTL,Cayuse Pass,5260,3.2,8.0,42.1,
2025-12-12,1085:WA:SNTL,Cayuse Pass,5260,2.5,7.0,36.7,
2025-12-13,1085:WA:SNTL,Cayuse Pass,5260,2.2,6.0,47.5,
2025-12-14,1085:WA:SNTL,Cayuse Pass,5260,1.8,4.0,41.2,
2025-12-15,1085:WA:SNTL,Cayuse Pass,5260,0.8,2.0,33.6,
2025-12-16,1085:WA:SNTL,Cayuse Pass,5260,1.2,3.0,38.1,
2025-12-17,1085:WA:SNTL,Cayuse Pass,5260,1.5,8.0,28.0,
2025-12-18,1085:WA:SNTL,Cayuse Pass,5260,3.6,13.0,29.3,
2025-12-19,1085:WA:SNTL,Cayuse Pass,5260,4.4,19.0,25.2,
2025-12-20,1085:WA:SNTL,Cayuse Pass,5260,5.7,26.0,27.9,
2025-12-21,1085:WA:SNTL,Cayuse Pass,5260,6.0,29.0,28.0,
2025-12-22,1085:WA:SNTL,Cayuse Pass,5260,6.6,29.0,27.3,
2025-12-23,1085:WA:SNTL,Cayuse Pass,5260,6.7,30.0,30.4,
2025-12-24,1085:WA:SNTL,Cayuse Pass,5260,7.1,31.0,27.9,
2025-12-25,1085:WA:SNTL,Cayuse Pass,5260,7.4,31.0,29.8,
2025-12-26,1085:WA:SNTL,Cayuse Pass,5260,8.0,36.0,21.6,
2025-12-27,1085:WA:SNTL,Cayuse Pass,5260,8.0,34.0,20.8,
2025-12-28,1085:WA:SNTL,Cayuse Pass,5260,7.8,33.0,32.5,
2025-12-29,1085:WA:SNTL,Cayuse Pass,5260,7.8,32.0,39.0,
2025-12-30,1085:WA:SNTL,Cayuse Pass,5260,7.8,31.0,43.5,
2025-12-31,1085:WA:SNTL,Cayuse Pass,5260,7.8,30.0,,
2026-01-01,1085:WA:SNTL,Cayuse Pass,5260,8.0,27.0,38.5,
2026-01-02,1085:WA:SNTL,Cayuse Pass,5260,7.9,23.0,38.7,
2026-01-03,1085:WA:SNTL,Cayuse Pass,5260,8.0,24.0,32.7,
2026-01-04,1085:WA:SNTL,Cayuse Pass,5260,8.8,29.0,28.2,
2026-01-05,1085:WA:SNTL,Cayuse Pass,5260,9.3,31.0,24.6,
2026-01-06,1085:WA:SNTL,Cayuse Pass,5260,11.1,45.0,24.4,
2026-01-07,1085:WA:SNTL,Cayuse Pass,5260,12.3,52.0,23.5,
2026-01-08,1085:WA:SNTL,Cayuse Pass,5260,12.6,52.0,26.8,
2026-01-09,1085:WA:SNTL,Cayuse Pass,5260,12.7,51.0,31.6,
2026-01-10,1085:WA:SNTL,Cayuse Pass,5260,12.6,48.0,34.9,
2026-01-11,1085:WA:SNTL,Cayuse Pass,5260,13.4,47.0,37.9,
2026-01-12,1085:WA:SNTL,Cayuse Pass,5260,13.0,43.0,42.1,
2026-01-13,1085:WA:SNTL,Cayuse Pass,5260,12.7,41.0,51.1,
2026-01-14,1085:WA:SNTL,Cayuse Pass,5260,12.7,39.0,37.4,
2026-01-15,1085:WA:SNTL,Cayuse Pass,5260,12.6,38.0,45.9,
2026-01-16,1085:WA:SNTL,Cayuse Pass,5260,12.6,38.0,42.8,
2026-01-17,1085:WA:SNTL,Cayuse Pass,5260,12.5,38.0,50.7,
2026-01-18,1085:WA:SNTL,Cayuse Pass,5260,12.5,37.0,45.0,
2026-01-19,1085:WA:SNTL,Cayuse Pass,5260,12.5,36.0,47.8,
2026-01-20,1085:WA:SNTL,Cayuse Pass,5260,12.5,36.0,42.1,
2026-01-21,1085:WA:SNTL,Cayuse Pass,5260,12.6,36.0,40.6,
2026-01-22,1085:WA:SNTL,Cayuse Pass,5260,12.6,35.0,31.8,
2026-01-23,1085:WA:SNTL,Cayuse Pass,5260,12.9,35.0,34.2,
2026-01-24,1085:WA:SNTL,Cayuse Pass,5260,13.0,35.0,33.8,
2026-01-25,1085:WA:SNTL,Cayuse Pass,5260,12.9,34.0,34.9,
2026-01-26,1085:WA:SNTL,Cayuse Pass,5260,12.8,34.0,35.6,
2026-01-27,1085:WA:SNTL,Cayuse Pass,5260,12.9,33.0,31.8,
2026-01-28,1085:WA:SNTL,Cayuse Pass,5260,13.9,40.0,33.3,
2026-01-29,1085:WA:SNTL,Cayuse Pass,5260,15.3,48.0,34.0,
2026-01-30,1085:WA:SNTL,Cayuse Pass,5260,15.5,46.0,37.4,
2026-01-31,1085:WA:SNTL,Cayuse Pass,5260,15.2,43.0,44.8,
2026-02-01,1085:WA:SNTL,Cayuse Pass,5260,15.5,45.0,32.5,
2026-02-02,1085:WA:SNTL,Cayuse Pass,5260,16.1,47.0,38.1,
2026-02-03,1085:WA:SNTL,Cayuse Pass,5260,15.9,46.0,49.6,
2026-02-04,1085:WA:SNTL,Cayuse Pass,5260,15.3,43.0,55.0,
2026-02-05,1085:WA:SNTL,Cayuse Pass,5260,15.0,41.0,49.3,
2026-02-06,1085:WA:SNTL,Cayuse Pass,5260,14.8,41.0,40.8,
2026-02-07,1085:WA:SNTL,Cayuse Pass,5260,14.9,40.0,34.2,
2026-02-08,1085:WA:SNTL,Cayuse Pass,5260,15.0,41.0,29.3,
2026-02-09,1085:WA:SNTL,Cayuse Pass,5260,15.5,44.0,27.5,
2026-02-10,1085:WA:SNTL,Cayuse Pass,5260,15.6,42.0,29.7,
2026-02-11,1085:WA:SNTL,Cayuse Pass,5260,15.7,42.0,35.6,
2026-02-12,1085:WA:SNTL,Cayuse Pass,5260,15.7,42.0,29.8,
2026-02-13,1085:WA:SNTL,Cayuse Pass,5260,16.2,44.0,29.5,
2026-02-14,1085:WA:SNTL,Cayuse Pass,5260,16.5,47.0,27.5,
2026-02-15,1085:WA:SNTL,Cayuse Pass,5260,16.7,48.0,29.3,
2026-02-16,1085:WA:SNTL,Cayuse Pass,5260,16.9,49.0,21.6,
2026-02-17,1085:WA:SNTL,Cayuse Pass,5260,17.1,50.0,21.6,
2026-02-18,1085:WA:SNTL,Cayuse Pass,5260,17.7,54.0,21.4,
2026-02-19,1085:WA:SNTL,Cayuse Pass,5260,18.0,54.0,19.4,
2026-02-20,1085:WA:SNTL,Cayuse Pass,5260,18.0,54.0,21.7,
2026-02-21,1085:WA:SNTL,Cayuse Pass,5260,18.6,56.0,26.4,
2026-02-22,1085:WA:SNTL,Cayuse Pass,5260,19.4,60.0,32.7,
2026-02-23,1085:WA:SNTL,Cayuse Pass,5260,20.8,66.0,29.3,
2026-02-24,1085:WA:SNTL,Cayuse Pass,5260,21.4,69.0,23.7,
2026-02-25,1085:WA:SNTL,Cayuse Pass,5260,21.8,69.0,25.5,
2026-02-26,1085:WA:SNTL,Cayuse Pass,5260,22.1,68.0,28.4,
2026-02-27,1085:WA:SNTL,Cayuse Pass,5260,22.3,68.0,28.2,
2026-02-28,1085:WA:SNTL,Cayuse Pass,5260,22.3,66.0,43.3,
2026-03-01,1085:WA:SNTL,Cayuse Pass,5260,22.2,64.0,37.6,
2026-03-02,1085:WA:SNTL,Cayuse Pass,5260,21.9,61.0,36.3,
2026-03-03,1085:WA:SNTL,Cayuse Pass,5260,21.6,58.0,34.5,
2026-03-04,1085:WA:SNTL,Cayuse Pass,5260,21.6,59.0,30.9,
2026-03-05,1085:WA:SNTL,Cayuse Pass,5260,21.9,61.0,28.9,
2026-03-06,1085:WA:SNTL,Cayuse Pass,5260,22.0,61.0,34.2,
2026-03-07,1085:WA:SNTL,Cayuse Pass,5260,21.8,59.0,36.0,
2026-03-08,1085:WA:SNTL,Cayuse Pass,5260,21.6,58.0,22.6,
2026-03-09,1085:WA:SNTL,Cayuse Pass,5260,22.1,63.0,20.1,
2026-03-10,1085:WA:SNTL,Cayuse Pass,5260,22.9,70.0,24.4,
2026-03-11,1085:WA:SNTL,Cayuse Pass,5260,26.2,81.0,34.3,
2026-03-12,1085:WA:SNTL,Cayuse Pass,5260,28.7,93.0,30.9,
2026-03-13,1085:WA:SNTL,Cayuse Pass,5260,33.2,119.0,27.9,
2026-03-14,1085:WA:SNTL,Cayuse Pass,5260,33.2,115.0,19.9,
2026-03-15,1085:WA:SNTL,Cayuse Pass,5260,33.2,112.0,33.4,
2026-03-16,1085:WA:SNTL,Cayuse Pass,5260,33.2,105.0,45.7,
2026-03-17,1085:WA:SNTL,Cayuse Pass,5260,33.3,94.0,40.1,
2026-03-18,1085:WA:SNTL,Cayuse Pass,5260,32.6,81.0,44.1,
2026-03-19,1085:WA:SNTL,Cayuse Pass,5260,31.2,73.0,41.2,
2026-03-20,1085:WA:SNTL,Cayuse Pass,5260,29.6,73.0,33.6,
2026-03-21,1085:WA:SNTL,Cayuse Pass,5260,29.3,70.0,25.7,
2026-03-22,1085:WA:SNTL,Cayuse Pass,5260,29.0,71.0,37.2,
2026-03-23,1085:WA:SNTL,Cayuse Pass,5260,28.6,70.0,37.2,
2026-03-24,1085:WA:SNTL,Cayuse Pass,5260,29.1,71.0,30.7,
2026-03-25,1085:WA:SNTL,Cayuse Pass,5260,29.0,72.0,22.1,
2026-03-26,1085:WA:SNTL,Cayuse Pass,5260,29.4,70.0,31.8,
2026-03-27,1085:WA:SNTL,Cayuse Pass,5260,28.6,68.0,35.1,
2026-03-28,1085:WA:SNTL,Cayuse Pass,5260,28.0,65.0,31.5,
2026-03-29,1085:WA:SNTL,Cayuse Pass,5260,28.5,70.0,21.7,
2026-03-30,1085:WA:SNTL,Cayuse Pass,5260,28.9,68.0,27.9,
2026-03-31,1085:WA:SNTL,Cayuse Pass,5260,28.1,67.0,32.4,
2026-04-01,1085:WA:SNTL,Cayuse Pass,5260,29.2,74.0,27.5,
2026-04-02,1085:WA:SNTL,Cayuse Pass,5260,29.8,76.0,27.5,
2026-04-03,1085:WA:SNTL,Cayuse Pass,5260,29.7,74.0,37.8,
2026-04-04,1085:WA:SNTL,Cayuse Pass,5260,29.2,71.0,49.3,
2026-04-05,1085:WA:SNTL,Cayuse Pass,5260,28.6,68.0,50.2,
2026-04-06,1085:WA:SNTL,Cayuse Pass,5260,27.4,65.0,36.9,
2026-04-07,1085:WA:SNTL,Cayuse Pass,5260,26.8,62.0,34.9,
2025-10-01,418:WA:SNTL,Corral Pass,5810,0.0,0.0,38.3,0.0
2025-10-02,418:WA:SNTL,Corral Pass,5810,0.1,0.0,38.8,0.1
2025-10-03,418:WA:SNTL,Corral Pass,5810,0.0,0.0,38.8,0.0
2025-10-04,418:WA:SNTL,Corral Pass,5810,0.0,0.0,36.5,0.1
2025-10-05,418:WA:SNTL,Corral Pass,5810,0.0,0.0,41.5,0.0
2025-10-06,418:WA:SNTL,Corral Pass,5810,0.2,0.0,50.0,0.1
2025-10-07,418:WA:SNTL,Corral Pass,5810,0.1,0.0,43.5,0.0
2025-10-08,418:WA:SNTL,Corral Pass,5810,0.1,0.0,44.6,0.0
2025-10-09,418:WA:SNTL,Corral Pass,5810,0.2,0.0,52.0,0.3
2025-10-10,418:WA:SNTL,Corral Pass,5810,0.1,0.0,35.2,0.0
2025-10-11,418:WA:SNTL,Corral Pass,5810,0.0,0.0,31.8,0.1
2025-10-12,418:WA:SNTL,Corral Pass,5810,0.5,7.0,29.1,0.4
2025-10-13,418:WA:SNTL,Corral Pass,5810,0.7,2.0,30.2,0.3
2025-10-14,418:WA:SNTL,Corral Pass,5810,0.8,4.0,35.2,0.0
2025-10-15,418:WA:SNTL,Corral Pass,5810,0.8,3.0,38.7,0.0
2025-10-16,418:WA:SNTL,Corral Pass,5810,0.8,0.0,38.1,0.1
2025-10-17,418:WA:SNTL,Corral Pass,5810,0.1,0.0,33.1,0.0
2025-10-18,418:WA:SNTL,Corral Pass,5810,0.2,0.0,39.9,0.9
2025-10-19,418:WA:SNTL,Corral Pass,5810,0.6,0.0,32.9,0.6
2025-10-20,418:WA:SNTL,Corral Pass,5810,0.2,0.0,37.2,0.0
2025-10-21,418:WA:SNTL,Corral Pass,5810,0.3,0.0,51.1,0.1
2025-10-22,418:WA:SNTL,Corral Pass,5810,0.1,0.0,37.0,0.0
2025-10-23,418:WA:SNTL,Corral Pass,5810,0.2,0.0,44.1,0.0
2025-10-24,418:WA:SNTL,Corral Pass,5810,0.3,0.0,30.6,0.7
2025-10-25,418:WA:SNTL,Corral Pass,5810,0.9,4.0,28.0,0.4
2025-10-26,418:WA:SNTL,Corral Pass,5810,1.3,9.0,26.6,0.3
2025-10-27,418:WA:SNTL,Corral Pass,5810,1.4,7.0,30.6,0.1
2025-10-28,418:WA:SNTL,Corral Pass,5810,1.6,3.0,35.2,0.6
2025-10-29,418:WA:SNTL,Corral Pass,5810,1.6,5.0,37.8,0.1
2025-10-30,418:WA:SNTL,Corral Pass,5810,1.7,5.0,43.2,0.2
2025-10-31,418:WA:SNTL,Corral Pass,5810,1.7,0.0,41.0,0.9
2025-11-01,418:WA:SNTL,Corral Pass,5810,0.8,0.0,31.1,0.6
2025-11-02,418:WA:SNTL,Corral Pass,5810,0.8,2.0,33.3,0.1
2025-11-03,418:WA:SNTL,Corral Pass,5810,1.2,3.0,31.6,0.3
2025-11-04,418:WA:SNTL,Corral Pass,5810,1.5,5.0,33.6,0.2
2025-11-05,418:WA:SNTL,Corral Pass,5810,1.9,5.0,34.2,1.2
2025-11-06,418:WA:SNTL,Corral Pass,5810,2.2,4.0,29.7,0.8
2025-11-07,418:WA:SNTL,Corral Pass,5810,2.5,6.0,28.4,0.3
2025-11-08,418:WA:SNTL,Corral Pass,5810,2.8,7.0,53.6,0.3
2025-11-09,418:WA:SNTL,Corral Pass,5810,2.5,5.0,45.5,0.0
2025-11-10,418:WA:SNTL,Corral Pass,5810,2.2,4.0,34.0,0.0
2025-11-11,418:WA:SNTL,Corral Pass,5810,2.3,6.0,43.0,0.0
2025-11-12,418:WA:SNTL,Corral Pass,5810,1.8,3.0,44.4,0.0
2025-11-13,418:WA:SNTL,Corral Pass,5810,0.9,0.0,38.3,0.2
2025-11-14,418:WA:SNTL,Corral Pass,5810,0.7,0.0,39.9,0.1
2025-11-15,418:WA:SNTL,Corral Pass,5810,0.3,0.0,41.9,0.0
2025-11-16,418:WA:SNTL,Corral Pass,5810,0.2,0.0,39.4,0.0
2025-11-17,418:WA:SNTL,Corral Pass,5810,0.1,0.0,25.9,0.0
2025-11-18,418:WA:SNTL,Corral Pass,5810,0.0,0.0,27.3,0.0
2025-11-19,418:WA:SNTL,Corral Pass,5810,0.1,0.0,29.1,0.1
2025-11-20,418:WA:SNTL,Corral Pass,5810,0.1,0.0,32.7,0.0
2025-11-21,418:WA:SNTL,Corral Pass,5810,0.0,0.0,40.8,0.2
2025-11-22,418:WA:SNTL,Corral Pass,5810,0.1,0.0,34.9,0.0
2025-11-23,418:WA:SNTL,Corral Pass,5810,0.2,0.0,26.1,0.2
2025-11-24,418:WA:SNTL,Corral Pass,5810,0.0,0.0,24.6,0.0
2025-11-25,418:WA:SNTL,Corral Pass,5810,1.2,4.0,34.2,0.7
2025-11-26,418:WA:SNTL,Corral Pass,5810,1.3,6.0,35.4,0.1
2025-11-27,418:WA:SNTL,Corral Pass,5810,2.2,9.0,33.3,0.4
2025-11-28,418:WA:SNTL,Corral Pass,5810,2.3,14.0,34.0,0.3
2025-11-29,418:WA:SNTL,Corral Pass,5810,2.1,10.0,22.6,0.0
2025-11-30,418:WA:SNTL,Corral Pass,5810,2.2,13.0,32.4,0.1
2025-12-01,418:WA:SNTL,Corral Pass,5810,2.5,9.0,32.7,0.2
2025-12-02,418:WA:SNTL,Corral Pass,5810,2.7,12.0,29.7,0.2
2025-12-03,418:WA:SNTL,Corral Pass,5810,2.8,8.0,29.7,0.1
2025-12-04,418:WA:SNTL,Corral Pass,5810,4.1,13.0,34.3,1.1
2025-12-05,418:WA:SNTL,Corral Pass,5810,4.4,10.0,33.1,0.6
2025-12-06,418:WA:SNTL,Corral Pass,5810,5.1,15.0,31.8,0.5
2025-12-07,418:WA:SNTL,Corral Pass,5810,5.6,19.0,34.2,0.4
2025-12-08,418:WA:SNTL,Corral Pass,5810,6.0,18.0,36.0,2.8
2025-12-09,418:WA:SNTL,Corral Pass,5810,6.9,20.0,41.7,1.4
2025-12-10,418:WA:SNTL,Corral Pass,5810,5.7,14.0,41.7,0.7
2025-12-11,418:WA:SNTL,Corral Pass,5810,5.1,12.0,41.0,0.9
2025-12-12,418:WA:SNTL,Corral Pass,5810,4.8,11.0,35.8,0.0
2025-12-13,418:WA:SNTL,Corral Pass,5810,5.0,13.0,46.2,0.1
2025-12-14,418:WA:SNTL,Corral Pass,5810,4.7,12.0,45.5,0.0
2025-12-15,418:WA:SNTL,Corral Pass,5810,4.0,7.0,32.2,0.7
2025-12-16,418:WA:SNTL,Corral Pass,5810,4.7,12.0,37.0,0.9
2025-12-17,418:WA:SNTL,Corral Pass,5810,5.1,14.0,27.1,0.5
2025-12-18,418:WA:SNTL,Corral Pass,5810,6.7,20.0,26.4,1.6
2025-12-19,418:WA:SNTL,Corral Pass,5810,7.1,25.0,23.2,0.3
2025-12-20,418:WA:SNTL,Corral Pass,5810,7.7,30.0,24.8,0.4
2025-12-21,418:WA:SNTL,Corral Pass,5810,8.0,32.0,26.4,0.4
2025-12-22,418:WA:SNTL,Corral Pass,5810,8.6,32.0,25.9,0.4
2025-12-23,418:WA:SNTL,Corral Pass,5810,8.8,31.0,28.4,0.2
2025-12-24,418:WA:SNTL,Corral Pass,5810,9.5,31.0,29.5,0.5
2025-12-25,418:WA:SNTL,Corral Pass,5810,9.7,31.0,28.2,0.1
2025-12-26,418:WA:SNTL,Corral Pass,5810,10.3,37.0,19.9,0.4
2025-12-27,418:WA:SNTL,Corral Pass,5810,10.4,37.0,18.9,0.1
2025-12-28,418:WA:SNTL,Corral Pass,5810,10.6,36.0,30.4,0.2
2025-12-29,418:WA:SNTL,Corral Pass,5810,10.7,35.0,45.1,0.0
2025-12-30,418:WA:SNTL,Corral Pass,5810,10.6,34.0,44.2,0.0
2025-12-31,418:WA:SNTL,Corral Pass,5810,10.6,33.0,,0.0
2026-01-01,418:WA:SNTL,Corral Pass,5810,10.6,32.0,38.3,0.2
2026-01-02,418:WA:SNTL,Corral Pass,5810,10.9,30.0,38.8,0.3
2026-01-03,418:WA:SNTL,Corral Pass,5810,11.2,32.0,33.8,0.1
2026-01-04,418:WA:SNTL,Corral Pass,5810,11.6,33.0,26.6,0.2
2026-01-05,418:WA:SNTL,Corral Pass,5810,11.6,32.0,21.9,0.0
2026-01-06,418:WA:SNTL,Corral Pass,5810,13.3,51.0,21.9,1.2
2026-01-07,418:WA:SNTL,Corral Pass,5810,13.6,50.0,23.2,0.4
2026-01-08,418:WA:SNTL,Corral Pass,5810,14.1,50.0,25.7,0.4
2026-01-09,418:WA:SNTL,Corral Pass,5810,14.2,48.0,37.6,0.1
2026-01-10,418:WA:SNTL,Corral Pass,5810,14.2,46.0,35.4,0.0
2026-01-11,418:WA:SNTL,Corral Pass,5810,14.4,43.0,41.4,0.4
2026-01-12,418:WA:SNTL,Corral Pass,5810,14.2,38.0,41.7,0.0
2026-01-13,418:WA:SNTL,Corral Pass,5810,14.2,38.0,49.8,0.0
2026-01-14,418:WA:SNTL,Corral Pass,5810,13.9,35.0,37.4,0.0
2026-01-15,418:WA:SNTL,Corral Pass,5810,14.1,37.0,44.4,0.0
2026-01-16,418:WA:SNTL,Corral Pass,5810,14.1,38.0,41.9,0.0
2026-01-17,418:WA:SNTL,Corral Pass,5810,14.2,37.0,48.6,0.0
2026-01-18,418:WA:SNTL,Corral Pass,5810,14.3,37.0,44.4,0.0
2026-01-19,418:WA:SNTL,Corral Pass,5810,14.4,37.0,42.8,0.0
2026-01-20,418:WA:SNTL,Corral Pass,5810,14.4,37.0,42.6,0.0
2026-01-21,418:WA:SNTL,Corral Pass,5810,14.4,37.0,37.0,0.0
2026-01-22,418:WA:SNTL,Corral Pass,5810,13.9,36.0,32.0,0.0
2026-01-23,418:WA:SNTL,Corral Pass,5810,13.5,36.0,30.7,0.0
2026-01-24,418:WA:SNTL,Corral Pass,5810,13.3,36.0,31.8,0.0
2026-01-25,418:WA:SNTL,Corral Pass,5810,13.0,36.0,31.5,0.0
2026-01-26,418:WA:SNTL,Corral Pass,5810,12.7,36.0,32.9,0.0
2026-01-27,418:WA:SNTL,Corral Pass,5810,12.6,36.0,33.1,0.0
2026-01-28,418:WA:SNTL,Corral Pass,5810,12.8,37.0,36.0,0.3
2026-01-29,418:WA:SNTL,Corral Pass,5810,13.2,39.0,37.6,0.2
2026-01-30,418:WA:SNTL,Corral Pass,5810,13.4,37.0,37.2,0.2
2026-01-31,418:WA:SNTL,Corral Pass,5810,13.7,36.0,44.4,0.0
2026-02-01,418:WA:SNTL,Corral Pass,5810,14.1,40.0,29.5,0.2
2026-02-02,418:WA:SNTL,Corral Pass,5810,14.7,38.0,37.9,0.5
2026-02-03,418:WA:SNTL,Corral Pass,5810,14.9,39.0,49.6,0.1
2026-02-04,418:WA:SNTL,Corral Pass,5810,14.9,37.0,54.3,0.0
2026-02-05,418:WA:SNTL,Corral Pass,5810,15.0,37.0,48.0,0.0
2026-02-06,418:WA:SNTL,Corral Pass,5810,15.0,37.0,39.7,0.0
2026-02-07,418:WA:SNTL,Corral Pass,5810,15.0,35.0,33.4,0.0
2026-02-08,418:WA:SNTL,Corral Pass,5810,14.9,35.0,28.2,0.0
2026-02-09,418:WA:SNTL,Corral Pass,5810,15.0,37.0,24.8,0.0
2026-02-10,418:WA:SNTL,Corral Pass,5810,14.8,38.0,27.1,0.0
2026-02-11,418:WA:SNTL,Corral Pass,5810,14.9,37.0,35.1,0.0
2026-02-12,418:WA:SNTL,Corral Pass,5810,14.9,36.0,27.3,0.0
2026-02-13,418:WA:SNTL,Corral Pass,5810,15.3,38.0,28.6,0.2
2026-02-14,418:WA:SNTL,Corral Pass,5810,16.2,38.0,25.7,0.1
2026-02-15,418:WA:SNTL,Corral Pass,5810,16.9,38.0,26.2,0.0
2026-02-16,418:WA:SNTL,Corral Pass,5810,17.2,40.0,17.4,0.0
2026-02-17,418:WA:SNTL,Corral Pass,5810,17.3,41.0,19.4,0.2
2026-02-18,418:WA:SNTL,Corral Pass,5810,17.3,50.0,19.4,0.4
2026-02-19,418:WA:SNTL,Corral Pass,5810,16.8,47.0,16.0,0.1
2026-02-20,418:WA:SNTL,Corral Pass,5810,16.1,45.0,20.7,0.1
2026-02-21,418:WA:SNTL,Corral Pass,5810,15.7,46.0,27.5,0.2
2026-02-22,418:WA:SNTL,Corral Pass,5810,15.7,46.0,33.8,0.3
2026-02-23,418:WA:SNTL,Corral Pass,5810,16.6,57.0,28.4,0.8
2026-02-24,418:WA:SNTL,Corral Pass,5810,16.7,56.0,19.4,0.1
2026-02-25,418:WA:SNTL,Corral Pass,5810,16.8,51.0,23.0,0.1
2026-02-26,418:WA:SNTL,Corral Pass,5810,17.0,52.0,25.0,0.0
2026-02-27,418:WA:SNTL,Corral Pass,5810,17.2,51.0,26.1,0.0
2026-02-28,418:WA:SNTL,Corral Pass,5810,17.4,51.0,41.7,0.1
2026-03-01,418:WA:SNTL,Corral Pass,5810,17.7,50.0,37.2,0.0
2026-03-02,418:WA:SNTL,Corral Pass,5810,17.7,46.0,34.3,0.1
2026-03-03,418:WA:SNTL,Corral Pass,5810,17.9,50.0,33.8,0.2
2026-03-04,418:WA:SNTL,Corral Pass,5810,18.2,53.0,29.3,0.2
2026-03-05,418:WA:SNTL,Corral Pass,5810,18.3,48.0,27.9,0.0
2026-03-06,418:WA:SNTL,Corral Pass,5810,18.7,49.0,37.4,0.5
2026-03-07,418:WA:SNTL,Corral Pass,5810,18.9,47.0,34.7,0.0
2026-03-08,418:WA:SNTL,Corral Pass,5810,18.6,48.0,21.0,0.0
2026-03-09,418:WA:SNTL,Corral Pass,5810,18.8,53.0,18.1,0.4
2026-03-10,418:WA:SNTL,Corral Pass,5810,18.9,54.0,23.0,0.3
2026-03-11,418:WA:SNTL,Corral Pass,5810,21.3,66.0,34.2,2.4
2026-03-12,418:WA:SNTL,Corral Pass,5810,23.3,78.0,28.2,2.0
2026-03-13,418:WA:SNTL,Corral Pass,5810,28.1,108.0,28.4,4.8
2026-03-14,418:WA:SNTL,Corral Pass,5810,28.0,104.0,18.7,0.4
2026-03-15,418:WA:SNTL,Corral Pass,5810,28.6,100.0,34.5,0.5
2026-03-16,418:WA:SNTL,Corral Pass,5810,30.4,94.0,44.6,0.2
2026-03-17,418:WA:SNTL,Corral Pass,5810,30.3,82.0,41.0,0.8
2026-03-18,418:WA:SNTL,Corral Pass,5810,29.5,75.0,42.3,0.1
2026-03-19,418:WA:SNTL,Corral Pass,5810,28.8,68.0,40.8,0.2
2026-03-20,418:WA:SNTL,Corral Pass,5810,28.1,66.0,31.1,0.1
2026-03-21,418:WA:SNTL,Corral Pass,5810,27.2,67.0,23.2,0.0
2026-03-22,418:WA:SNTL,Corral Pass,5810,27.0,67.0,36.7,0.0
2026-03-23,418:WA:SNTL,Corral Pass,5810,26.6,66.0,36.5,0.1
2026-03-24,418:WA:SNTL,Corral Pass,5810,27.8,65.0,29.5,0.6
2026-03-25,418:WA:SNTL,Corral Pass,5810,27.2,68.0,20.5,0.1
2026-03-26,418:WA:SNTL,Corral Pass,5810,27.3,66.0,34.5,0.1
2026-03-27,418:WA:SNTL,Corral Pass,5810,27.3,65.0,35.6,0.2
2026-03-28,418:WA:SNTL,Corral Pass,5810,27.1,64.0,29.1,0.0
2026-03-29,418:WA:SNTL,Corral Pass,5810,27.1,66.0,20.7,0.0
2026-03-30,418:WA:SNTL,Corral Pass,5810,27.4,66.0,26.4,0.0
2026-03-31,418:WA:SNTL,Corral Pass,5810,27.1,65.0,31.1,0.2
2026-04-01,418:WA:SNTL,Corral Pass,5810,27.7,70.0,25.7,0.5
2026-04-02,418:WA:SNTL,Corral Pass,5810,27.8,68.0,25.5,0.0
2026-04-03,418:WA:SNTL,Corral Pass,5810,28.2,66.0,35.4,0.0
2026-04-04,418:WA:SNTL,Corral Pass,5810,28.5,65.0,49.1,0.2
2026-04-05,418:WA:SNTL,Corral Pass,5810,28.3,64.0,47.8,0.0
2026-04-06,418:WA:SNTL,Corral Pass,5810,28.0,62.0,38.8,0.0
2026-04-07,418:WA:SNTL,Corral Pass,5810,27.5,62.0,32.2,
2025-10-01,375:WA:SNTL,Bumping Ridge,4600,0.0,0.0,39.2,0.3
2025-10-02,375:WA:SNTL,Bumping Ridge,4600,0.0,0.0,38.3,0.0
2025-10-03,375:WA:SNTL,Bumping Ridge,4600,0.0,0.0,42.6,0.0
2025-10-04,375:WA:SNTL,Bumping Ridge,4600,0.0,0.0,36.5,0.0
2025-10-05,375:WA:SNTL,Bumping Ridge,4600,0.0,0.0,36.7,0.0
2025-10-06,375:WA:SNTL,Bumping Ridge,4600,0.0,0.0,44.6,0.0
2025-10-07,375:WA:SNTL,Bumping Ridge,4600,0.0,0.0,45.7,0.0
2025-10-08,375:WA:SNTL,Bumping Ridge,4600,0.0,0.0,44.6,0.0
2025-10-09,375:WA:SNTL,Bumping Ridge,4600,0.1,0.0,54.3,0.0
2025-10-10,375:WA:SNTL,Bumping Ridge,4600,0.0,0.0,38.3,0.1
2025-10-11,375:WA:SNTL,Bumping Ridge,4600,0.1,0.0,33.6,0.5
2025-10-12,375:WA:SNTL,Bumping Ridge,4600,0.2,1.0,30.2,0.4
2025-10-13,375:WA:SNTL,Bumping Ridge,4600,0.5,3.0,28.0,0.5
2025-10-14,375:WA:SNTL,Bumping Ridge,4600,0.4,2.0,26.4,0.0
2025-10-15,375:WA:SNTL,Bumping Ridge,4600,0.5,2.0,32.7,0.0
2025-10-16,375:WA:SNTL,Bumping Ridge,4600,0.4,1.0,39.2,0.0
2025-10-17,375:WA:SNTL,Bumping Ridge,4600,0.1,0.0,31.6,0.0
2025-10-18,375:WA:SNTL,Bumping Ridge,4600,0.2,0.0,41.0,0.5
2025-10-19,375:WA:SNTL,Bumping Ridge,4600,0.1,0.0,33.3,1.6
2025-10-20,375:WA:SNTL,Bumping Ridge,4600,0.0,0.0,33.8,0.0
2025-10-21,375:WA:SNTL,Bumping Ridge,4600,0.0,0.0,34.9,0.0
2025-10-22,375:WA:SNTL,Bumping Ridge,4600,0.0,0.0,40.5,0.0
2025-10-23,375:WA:SNTL,Bumping Ridge,4600,0.0,0.0,38.1,0.0
2025-10-24,375:WA:SNTL,Bumping Ridge,4600,0.0,0.0,33.1,0.8
2025-10-25,375:WA:SNTL,Bumping Ridge,4600,0.8,7.0,29.5,0.9
2025-10-26,375:WA:SNTL,Bumping Ridge,4600,1.4,13.0,27.5,0.9
2025-10-27,375:WA:SNTL,Bumping Ridge,4600,1.4,11.0,24.8,0.2
2025-10-28,375:WA:SNTL,Bumping Ridge,4600,1.7,9.0,37.2,0.3
2025-10-29,375:WA:SNTL,Bumping Ridge,4600,1.4,8.0,28.0,0.3
2025-10-30,375:WA:SNTL,Bumping Ridge,4600,1.3,7.0,28.8,0.0
2025-10-31,375:WA:SNTL,Bumping Ridge,4600,1.4,4.0,42.4,0.4
2025-11-01,375:WA:SNTL,Bumping Ridge,4600,0.4,1.0,32.9,2.2
2025-11-02,375:WA:SNTL,Bumping Ridge,4600,0.4,1.0,30.7,0.1
2025-11-03,375:WA:SNTL,Bumping Ridge,4600,1.1,5.0,29.8,0.6
2025-11-04,375:WA:SNTL,Bumping Ridge,4600,1.4,7.0,32.4,0.2
2025-11-05,375:WA:SNTL,Bumping Ridge,4600,1.2,4.0,36.9,1.3
2025-11-06,375:WA:SNTL,Bumping Ridge,4600,1.0,1.0,32.0,2.0
2025-11-07,375:WA:SNTL,Bumping Ridge,4600,1.1,4.0,29.1,0.4
2025-11-08,375:WA:SNTL,Bumping Ridge,4600,1.1,4.0,31.5,0.0
2025-11-09,375:WA:SNTL,Bumping Ridge,4600,1.1,4.0,46.4,0.0
2025-11-10,375:WA:SNTL,Bumping Ridge,4600,0.9,2.0,37.4,0.0
2025-11-11,375:WA:SNTL,Bumping Ridge,4600,0.8,2.0,35.6,0.0
2025-11-12,375:WA:SNTL,Bumping Ridge,4600,0.8,2.0,46.4,0.0
2025-11-13,375:WA:SNTL,Bumping Ridge,4600,0.1,0.0,40.3,0.6
2025-11-14,375:WA:SNTL,Bumping Ridge,4600,0.0,0.0,41.7,0.7
2025-11-15,375:WA:SNTL,Bumping Ridge,4600,0.0,0.0,42.3,0.0
2025-11-16,375:WA:SNTL,Bumping Ridge,4600,0.0,0.0,41.5,0.0
2025-11-17,375:WA:SNTL,Bumping Ridge,4600,0.0,0.0,28.4,0.2
2025-11-18,375:WA:SNTL,Bumping Ridge,4600,0.0,0.0,24.4,0.0
2025-11-19,375:WA:SNTL,Bumping Ridge,4600,0.0,0.0,29.5,0.0
2025-11-20,375:WA:SNTL,Bumping Ridge,4600,0.0,0.0,27.9,0.0
2025-11-21,375:WA:SNTL,Bumping Ridge,4600,0.0,0.0,34.2,0.0
2025-11-22,375:WA:SNTL,Bumping Ridge,4600,0.0,0.0,36.9,0.0
2025-11-23,375:WA:SNTL,Bumping Ridge,4600,0.0,0.0,28.9,0.4
2025-11-24,375:WA:SNTL,Bumping Ridge,4600,0.0,0.0,25.7,0.1
2025-11-25,375:WA:SNTL,Bumping Ridge,4600,0.6,6.0,32.7,0.4
2025-11-26,375:WA:SNTL,Bumping Ridge,4600,0.7,4.0,31.1,0.1
2025-11-27,375:WA:SNTL,Bumping Ridge,4600,1.6,10.0,30.0,0.9
2025-11-28,375:WA:SNTL,Bumping Ridge,4600,1.7,10.0,24.3,0.4
2025-11-29,375:WA:SNTL,Bumping Ridge,4600,1.7,7.0,20.1,0.0
2025-11-30,375:WA:SNTL,Bumping Ridge,4600,1.7,9.0,26.2,0.0
2025-12-01,375:WA:SNTL,Bumping Ridge,4600,1.8,9.0,31.3,0.0
2025-12-02,375:WA:SNTL,Bumping Ridge,4600,1.8,9.0,25.3,0.1
2025-12-03,375:WA:SNTL,Bumping Ridge,4600,1.8,9.0,28.6,0.0
2025-12-04,375:WA:SNTL,Bumping Ridge,4600,2.0,8.0,34.7,0.0
2025-12-05,375:WA:SNTL,Bumping Ridge,4600,2.0,7.0,34.2,0.6
2025-12-06,375:WA:SNTL,Bumping Ridge,4600,2.2,8.0,34.2,0.6
2025-12-07,375:WA:SNTL,Bumping Ridge,4600,2.6,8.0,35.8,1.0
2025-12-08,375:WA:SNTL,Bumping Ridge,4600,2.2,6.0,40.6,4.7
2025-12-09,375:WA:SNTL,Bumping Ridge,4600,2.5,5.0,42.1,2.1
2025-12-10,375:WA:SNTL,Bumping Ridge,4600,1.0,2.0,44.6,1.9
2025-12-11,375:WA:SNTL,Bumping Ridge,4600,0.2,0.0,43.9,0.4
2025-12-12,375:WA:SNTL,Bumping Ridge,4600,0.0,0.0,38.7,0.3
2025-12-13,375:WA:SNTL,Bumping Ridge,4600,0.0,0.0,47.7,0.0
2025-12-14,375:WA:SNTL,Bumping Ridge,4600,0.0,0.0,40.8,0.0
2025-12-15,375:WA:SNTL,Bumping Ridge,4600,0.0,0.0,33.1,2.3
2025-12-16,375:WA:SNTL,Bumping Ridge,4600,0.2,0.0,39.4,2.4
2025-12-17,375:WA:SNTL,Bumping Ridge,4600,0.4,6.0,28.4,1.5
2025-12-18,375:WA:SNTL,Bumping Ridge,4600,1.9,13.0,30.4,2.2
2025-12-19,375:WA:SNTL,Bumping Ridge,4600,2.2,14.0,25.2,0.7
2025-12-20,375:WA:SNTL,Bumping Ridge,4600,2.9,20.0,27.9,0.6
2025-12-21,375:WA:SNTL,Bumping Ridge,4600,3.2,22.0,28.6,0.3
2025-12-22,375:WA:SNTL,Bumping Ridge,4600,3.6,23.0,27.7,0.5
2025-12-23,375:WA:SNTL,Bumping Ridge,4600,3.6,23.0,27.5,0.1
2025-12-24,375:WA:SNTL,Bumping Ridge,4600,3.9,23.0,28.2,0.2
2025-12-25,375:WA:SNTL,Bumping Ridge,4600,4.2,24.0,28.2,0.4
2025-12-26,375:WA:SNTL,Bumping Ridge,4600,4.7,30.0,22.1,0.5
2025-12-27,375:WA:SNTL,Bumping Ridge,4600,4.7,28.0,20.3,0.2
2025-12-28,375:WA:SNTL,Bumping Ridge,4600,4.7,26.0,23.9,0.0
2025-12-29,375:WA:SNTL,Bumping Ridge,4600,4.6,24.0,20.1,0.1
2025-12-30,375:WA:SNTL,Bumping Ridge,4600,4.6,24.0,20.5,0.0
2025-12-31,375:WA:SNTL,Bumping Ridge,4600,4.6,23.0,,0.0
2026-01-01,375:WA:SNTL,Bumping Ridge,4600,5.2,22.0,32.2,0.3
2026-01-02,375:WA:SNTL,Bumping Ridge,4600,5.1,18.0,34.2,0.9
2026-01-03,375:WA:SNTL,Bumping Ridge,4600,5.1,17.0,33.1,0.3
2026-01-04,375:WA:SNTL,Bumping Ridge,4600,5.4,19.0,28.0,0.4
2026-01-05,375:WA:SNTL,Bumping Ridge,4600,5.4,19.0,24.4,0.2
2026-01-06,375:WA:SNTL,Bumping Ridge,4600,6.8,38.0,26.1,1.4
2026-01-07,375:WA:SNTL,Bumping Ridge,4600,7.3,40.0,23.9,0.7
2026-01-08,375:WA:SNTL,Bumping Ridge,4600,7.4,38.0,25.9,0.2
2026-01-09,375:WA:SNTL,Bumping Ridge,4600,7.4,35.0,31.3,0.0
2026-01-10,375:WA:SNTL,Bumping Ridge,4600,7.4,33.0,27.7,0.0
2026-01-11,375:WA:SNTL,Bumping Ridge,4600,7.7,32.0,33.3,0.3
2026-01-12,375:WA:SNTL,Bumping Ridge,4600,7.5,29.0,42.1,0.0
2026-01-13,375:WA:SNTL,Bumping Ridge,4600,7.5,28.0,39.6,0.0
2026-01-14,375:WA:SNTL,Bumping Ridge,4600,7.4,28.0,34.7,0.0
2026-01-15,375:WA:SNTL,Bumping Ridge,4600,7.4,27.0,29.7,0.0
2026-01-16,375:WA:SNTL,Bumping Ridge,4600,7.4,27.0,30.4,0.1
2026-01-17,375:WA:SNTL,Bumping Ridge,4600,7.3,27.0,25.7,0.0
2026-01-18,375:WA:SNTL,Bumping Ridge,4600,7.3,26.0,26.6,0.0
2026-01-19,375:WA:SNTL,Bumping Ridge,4600,7.2,26.0,38.3,0.0
2026-01-20,375:WA:SNTL,Bumping Ridge,4600,7.2,26.0,22.6,0.2
2026-01-21,375:WA:SNTL,Bumping Ridge,4600,7.2,26.0,13.1,0.0
2026-01-22,375:WA:SNTL,Bumping Ridge,4600,7.2,26.0,16.5,0.0
2026-01-23,375:WA:SNTL,Bumping Ridge,4600,7.1,26.0,11.8,0.0
2026-01-24,375:WA:SNTL,Bumping Ridge,4600,7.2,26.0,26.1,0.0
2026-01-25,375:WA:SNTL,Bumping Ridge,4600,7.2,26.0,28.6,0.0
2026-01-26,375:WA:SNTL,Bumping Ridge,4600,7.4,26.0,31.8,0.0
2026-01-27,375:WA:SNTL,Bumping Ridge,4600,7.5,26.0,28.8,0.0
2026-01-28,375:WA:SNTL,Bumping Ridge,4600,8.0,29.0,34.3,0.5
2026-01-29,375:WA:SNTL,Bumping Ridge,4600,8.2,28.0,35.8,0.9
2026-01-30,375:WA:SNTL,Bumping Ridge,4600,8.2,28.0,39.2,0.2
2026-01-31,375:WA:SNTL,Bumping Ridge,4600,8.1,26.0,33.3,0.1
2026-02-01,375:WA:SNTL,Bumping Ridge,4600,8.4,28.0,32.4,0.6
2026-02-02,375:WA:SNTL,Bumping Ridge,4600,8.8,30.0,35.6,0.4
2026-02-03,375:WA:SNTL,Bumping Ridge,4600,8.7,29.0,35.4,0.0
2026-02-04,375:WA:SNTL,Bumping Ridge,4600,8.8,28.0,35.1,0.0
2026-02-05,375:WA:SNTL,Bumping Ridge,4600,8.7,28.0,33.3,0.0
2026-02-06,375:WA:SNTL,Bumping Ridge,4600,8.6,27.0,42.3,0.0
2026-02-07,375:WA:SNTL,Bumping Ridge,4600,9.1,28.0,34.2,1.0
2026-02-08,375:WA:SNTL,Bumping Ridge,4600,8.9,28.0,29.1,0.1
2026-02-09,375:WA:SNTL,Bumping Ridge,4600,9.2,29.0,24.1,0.3
2026-02-10,375:WA:SNTL,Bumping Ridge,4600,9.2,29.0,22.3,0.1
2026-02-11,375:WA:SNTL,Bumping Ridge,4600,9.0,29.0,25.7,0.0
2026-02-12,375:WA:SNTL,Bumping Ridge,4600,8.8,29.0,29.1,0.0
2026-02-13,375:WA:SNTL,Bumping Ridge,4600,8.7,27.0,29.8,0.1
2026-02-14,375:WA:SNTL,Bumping Ridge,4600,8.8,32.0,27.3,0.1
2026-02-15,375:WA:SNTL,Bumping Ridge,4600,9.0,32.0,29.8,0.2
2026-02-16,375:WA:SNTL,Bumping Ridge,4600,9.2,32.0,20.5,0.3
2026-02-17,375:WA:SNTL,Bumping Ridge,4600,9.3,35.0,17.4,0.3
2026-02-18,375:WA:SNTL,Bumping Ridge,4600,9.5,35.0,20.3,0.1
2026-02-19,375:WA:SNTL,Bumping Ridge,4600,9.6,36.0,17.2,0.1
2026-02-20,375:WA:SNTL,Bumping Ridge,4600,9.6,36.0,19.8,0.0
2026-02-21,375:WA:SNTL,Bumping Ridge,4600,9.8,37.0,25.7,0.2
2026-02-22,375:WA:SNTL,Bumping Ridge,4600,10.2,41.0,33.4,0.2
2026-02-23,375:WA:SNTL,Bumping Ridge,4600,11.2,49.0,27.9,1.1
2026-02-24,375:WA:SNTL,Bumping Ridge,4600,11.6,48.0,23.9,0.4
2026-02-25,375:WA:SNTL,Bumping Ridge,4600,11.7,48.0,24.8,0.1
2026-02-26,375:WA:SNTL,Bumping Ridge,4600,11.8,45.0,28.0,0.0
2026-02-27,375:WA:SNTL,Bumping Ridge,4600,11.8,45.0,28.9,0.0
2026-02-28,375:WA:SNTL,Bumping Ridge,4600,11.9,45.0,30.2,0.0
2026-03-01,375:WA:SNTL,Bumping Ridge,4600,12.0,44.0,29.8,0.0
2026-03-02,375:WA:SNTL,Bumping Ridge,4600,11.9,43.0,37.2,0.0
2026-03-03,375:WA:SNTL,Bumping Ridge,4600,11.8,41.0,34.7,0.5
2026-03-04,375:WA:SNTL,Bumping Ridge,4600,11.7,37.0,30.6,0.2
2026-03-05,375:WA:SNTL,Bumping Ridge,4600,11.8,39.0,29.3,0.1
2026-03-06,375:WA:SNTL,Bumping Ridge,4600,11.8,38.0,35.4,0.0
2026-03-07,375:WA:SNTL,Bumping Ridge,4600,11.6,37.0,37.4,0.0
2026-03-08,375:WA:SNTL,Bumping Ridge,4600,11.4,35.0,23.4,0.4
2026-03-09,375:WA:SNTL,Bumping Ridge,4600,11.5,36.0,19.2,0.5
2026-03-10,375:WA:SNTL,Bumping Ridge,4600,11.8,40.0,24.6,0.2
2026-03-11,375:WA:SNTL,Bumping Ridge,4600,14.8,60.0,35.6,2.9
2026-03-12,375:WA:SNTL,Bumping Ridge,4600,16.4,64.0,30.9,1.7
2026-03-13,375:WA:SNTL,Bumping Ridge,4600,19.7,73.0,31.5,3.3
2026-03-14,375:WA:SNTL,Bumping Ridge,4600,19.8,69.0,18.1,0.8
2026-03-15,375:WA:SNTL,Bumping Ridge,4600,19.9,65.0,34.9,0.1
2026-03-16,375:WA:SNTL,Bumping Ridge,4600,19.8,60.0,46.6,0.0
2026-03-17,375:WA:SNTL,Bumping Ridge,4600,19.6,56.0,41.5,0.0
2026-03-18,375:WA:SNTL,Bumping Ridge,4600,18.7,52.0,43.7,0.1
2026-03-19,375:WA:SNTL,Bumping Ridge,4600,18.0,49.0,41.7,0.8
2026-03-20,375:WA:SNTL,Bumping Ridge,4600,16.8,46.0,34.7,0.4
2026-03-21,375:WA:SNTL,Bumping Ridge,4600,16.6,46.0,24.3,0.0
2026-03-22,375:WA:SNTL,Bumping Ridge,4600,16.6,46.0,29.1,0.0
2026-03-23,375:WA:SNTL,Bumping Ridge,4600,16.2,45.0,37.9,0.0
2026-03-24,375:WA:SNTL,Bumping Ridge,4600,16.3,44.0,32.4,1.8
2026-03-25,375:WA:SNTL,Bumping Ridge,4600,16.2,47.0,23.2,0.4
2026-03-26,375:WA:SNTL,Bumping Ridge,4600,16.5,45.0,23.9,0.0
2026-03-27,375:WA:SNTL,Bumping Ridge,4600,16.3,44.0,37.0,0.0
2026-03-28,375:WA:SNTL,Bumping Ridge,4600,16.0,44.0,32.2,0.0
2026-03-29,375:WA:SNTL,Bumping Ridge,4600,16.1,45.0,24.3,0.1
2026-03-30,375:WA:SNTL,Bumping Ridge,4600,16.4,44.0,22.1,0.0
2026-03-31,375:WA:SNTL,Bumping Ridge,4600,16.0,44.0,34.0,0.0
2026-04-01,375:WA:SNTL,Bumping Ridge,4600,16.3,44.0,27.0,0.5
2026-04-02,375:WA:SNTL,Bumping Ridge,4600,16.4,45.0,27.3,0.0
2026-04-03,375:WA:SNTL,Bumping Ridge,4600,16.4,44.0,30.7,0.0
2026-04-04,375:WA:SNTL,Bumping Ridge,4600,16.0,43.0,37.6,0.0
2026-04-05,375:WA:SNTL,Bumping Ridge,4600,15.6,42.0,40.5,0.0
2026-04-06,375:WA:SNTL,Bumping Ridge,4600,15.0,40.0,40.8,0.0
2026-04-07,375:WA:SNTL,Bumping Ridge,4600,14.5,39.0,29.1,0.1
2025-10-01,420:WA:SNTL,Cougar Mountain,3210,0.2,0.0,43.7,0.5
2025-10-02,420:WA:SNTL,Cougar Mountain,3210,0.2,0.0,43.3,0.0
2025-10-03,420:WA:SNTL,Cougar Mountain,3210,0.3,0.0,45.5,0.0
2025-10-04,420:WA:SNTL,Cougar Mountain,3210,0.2,0.0,42.3,0.1
2025-10-05,420:WA:SNTL,Cougar Mountain,3210,0.2,0.0,43.7,0.0
2025-10-06,420:WA:SNTL,Cougar Mountain,3210,0.5,0.0,56.5,0.0
2025-10-07,420:WA:SNTL,Cougar Mountain,3210,0.4,0.0,47.3,0.0
2025-10-08,420:WA:SNTL,Cougar Mountain,3210,0.2,1.0,42.4,0.0
2025-10-09,420:WA:SNTL,Cougar Mountain,3210,0.4,0.0,45.7,0.3
2025-10-10,420:WA:SNTL,Cougar Mountain,3210,0.2,1.0,41.9,0.3
2025-10-11,420:WA:SNTL,Cougar Mountain,3210,0.1,1.0,39.0,1.1
2025-10-12,420:WA:SNTL,Cougar Mountain,3210,0.0,0.0,36.1,0.3
2025-10-13,420:WA:SNTL,Cougar Mountain,3210,0.1,0.0,40.6,0.0
2025-10-14,420:WA:SNTL,Cougar Mountain,3210,0.1,0.0,43.2,0.0
2025-10-15,420:WA:SNTL,Cougar Mountain,3210,0.0,0.0,39.2,0.0
2025-10-16,420:WA:SNTL,Cougar Mountain,3210,0.2,0.0,41.7,0.0
2025-10-17,420:WA:SNTL,Cougar Mountain,3210,0.1,0.0,38.1,0.0
2025-10-18,420:WA:SNTL,Cougar Mountain,3210,0.2,0.0,43.9,0.8
2025-10-19,420:WA:SNTL,Cougar Mountain,3210,0.1,1.0,39.7,0.9
2025-10-20,420:WA:SNTL,Cougar Mountain,3210,0.1,1.0,38.3,0.1
2025-10-21,420:WA:SNTL,Cougar Mountain,3210,0.2,0.0,49.3,0.0
2025-10-22,420:WA:SNTL,Cougar Mountain,3210,0.3,1.0,44.2,0.0
2025-10-23,420:WA:SNTL,Cougar Mountain,3210,0.2,1.0,43.9,0.0
2025-10-24,420:WA:SNTL,Cougar Mountain,3210,0.1,1.0,37.6,1.7
2025-10-25,420:WA:SNTL,Cougar Mountain,3210,0.0,0.0,35.4,0.2
2025-10-26,420:WA:SNTL,Cougar Mountain,3210,0.3,1.0,34.7,0.8
2025-10-27,420:WA:SNTL,Cougar Mountain,3210,0.3,2.0,36.1,0.6
2025-10-28,420:WA:SNTL,Cougar Mountain,3210,0.1,1.0,40.5,0.7
2025-10-29,420:WA:SNTL,Cougar Mountain,3210,0.0,0.0,35.1,0.4
2025-10-30,420:WA:SNTL,Cougar Mountain,3210,0.1,0.0,41.7,0.0
2025-10-31,420:WA:SNTL,Cougar Mountain,3210,0.2,0.0,46.0,1.1
2025-11-01,420:WA:SNTL,Cougar Mountain,3210,0.0,0.0,35.8,1.9
2025-11-02,420:WA:SNTL,Cougar Mountain,3210,0.0,0.0,40.1,0.2
2025-11-03,420:WA:SNTL,Cougar Mountain,3210,0.0,0.0,36.7,0.3
2025-11-04,420:WA:SNTL,Cougar Mountain,3210,0.0,0.0,41.5,0.0
2025-11-05,420:WA:SNTL,Cougar Mountain,3210,0.1,1.0,41.4,0.6
2025-11-06,420:WA:SNTL,Cougar Mountain,3210,0.1,0.0,36.9,2.3
2025-11-07,420:WA:SNTL,Cougar Mountain,3210,0.0,0.0,34.9,0.7
2025-11-08,420:WA:SNTL,Cougar Mountain,3210,0.1,0.0,44.6,0.0
2025-11-09,420:WA:SNTL,Cougar Mountain,3210,0.2,0.0,47.5,0.0
2025-11-10,420:WA:SNTL,Cougar Mountain,3210,0.1,1.0,38.5,0.0
2025-11-11,420:WA:SNTL,Cougar Mountain,3210,0.1,0.0,45.7,0.0
2025-11-12,420:WA:SNTL,Cougar Mountain,3210,0.2,1.0,43.9,0.0
2025-11-13,420:WA:SNTL,Cougar Mountain,3210,0.2,0.0,44.1,0.8
2025-11-14,420:WA:SNTL,Cougar Mountain,3210,0.2,0.0,44.6,0.9
2025-11-15,420:WA:SNTL,Cougar Mountain,3210,0.2,0.0,48.4,0.3
2025-11-16,420:WA:SNTL,Cougar Mountain,3210,0.2,1.0,44.6,0.2
2025-11-17,420:WA:SNTL,Cougar Mountain,3210,0.0,0.0,33.4,0.5
2025-11-18,420:WA:SNTL,Cougar Mountain,3210,0.0,0.0,31.5,0.1
2025-11-19,420:WA:SNTL,Cougar Mountain,3210,0.0,0.0,37.6,0.0
2025-11-20,420:WA:SNTL,Cougar Mountain,3210,0.0,0.0,34.7,0.0
2025-11-21,420:WA:SNTL,Cougar Mountain,3210,0.0,0.0,40.6,0.0
2025-11-22,420:WA:SNTL,Cougar Mountain,3210,0.0,0.0,40.8,0.0
2025-11-23,420:WA:SNTL,Cougar Mountain,3210,0.0,0.0,32.7,1.0
2025-11-24,420:WA:SNTL,Cougar Mountain,3210,0.0,0.0,32.2,0.1
2025-11-25,420:WA:SNTL,Cougar Mountain,3210,0.0,1.0,33.4,0.5
2025-11-26,420:WA:SNTL,Cougar Mountain,3210,0.0,0.0,38.3,0.0
2025-11-27,420:WA:SNTL,Cougar Mountain,3210,0.0,0.0,36.5,0.9
2025-11-28,420:WA:SNTL,Cougar Mountain,3210,0.0,0.0,36.1,0.0
2025-11-29,420:WA:SNTL,Cougar Mountain,3210,0.0,0.0,30.4,0.1
2025-11-30,420:WA:SNTL,Cougar Mountain,3210,0.0,0.0,32.5,0.0
2025-12-01,420:WA:SNTL,Cougar Mountain,3210,0.2,1.0,32.9,0.3
2025-12-02,420:WA:SNTL,Cougar Mountain,3210,0.4,1.0,31.6,0.4
2025-12-03,420:WA:SNTL,Cougar Mountain,3210,0.4,1.0,34.7,0.0
2025-12-04,420:WA:SNTL,Cougar Mountain,3210,0.3,1.0,38.5,0.9
2025-12-05,420:WA:SNTL,Cougar Mountain,3210,0.0,0.0,39.2,1.0
2025-12-06,420:WA:SNTL,Cougar Mountain,3210,0.0,0.0,39.0,1.2
2025-12-07,420:WA:SNTL,Cougar Mountain,3210,0.0,0.0,40.6,1.2
2025-12-08,420:WA:SNTL,Cougar Mountain,3210,0.0,0.0,41.2,5.8
2025-12-09,420:WA:SNTL,Cougar Mountain,3210,0.0,0.0,46.8,2.2
2025-12-10,420:WA:SNTL,Cougar Mountain,3210,0.0,0.0,46.8,6.2
2025-12-11,420:WA:SNTL,Cougar Mountain,3210,0.0,0.0,45.5,3.2
2025-12-12,420:WA:SNTL,Cougar Mountain,3210,0.0,0.0,42.4,0.3
2025-12-13,420:WA:SNTL,Cougar Mountain,3210,0.0,0.0,48.2,0.0
2025-12-14,420:WA:SNTL,Cougar Mountain,3210,0.0,0.0,47.1,0.0
2025-12-15,420:WA:SNTL,Cougar Mountain,3210,0.0,0.0,38.3,2.6
2025-12-16,420:WA:SNTL,Cougar Mountain,3210,0.0,0.0,43.2,1.6
2025-12-17,420:WA:SNTL,Cougar Mountain,3210,0.0,0.0,32.9,1.1
2025-12-18,420:WA:SNTL,Cougar Mountain,3210,0.1,1.0,32.5,2.0
2025-12-19,420:WA:SNTL,Cougar Mountain,3210,0.5,3.0,30.9,0.5
2025-12-20,420:WA:SNTL,Cougar Mountain,3210,1.3,7.0,33.1,0.8
2025-12-21,420:WA:SNTL,Cougar Mountain,3210,1.7,7.0,32.9,0.4
2025-12-22,420:WA:SNTL,Cougar Mountain,3210,2.1,11.0,31.3,0.5
2025-12-23,420:WA:SNTL,Cougar Mountain,3210,2.2,11.0,34.3,0.2
2025-12-24,420:WA:SNTL,Cougar Mountain,3210,2.0,9.0,36.7,0.0
2025-12-25,420:WA:SNTL,Cougar Mountain,3210,2.0,8.0,34.3,0.2
2025-12-26,420:WA:SNTL,Cougar Mountain,3210,2.7,10.0,28.2,0.8
2025-12-27,420:WA:SNTL,Cougar Mountain,3210,3.1,12.0,26.6,0.4
2025-12-28,420:WA:SNTL,Cougar Mountain,3210,3.0,12.0,34.7,0.0
2025-12-29,420:WA:SNTL,Cougar Mountain,3210,3.0,12.0,37.6,0.0
2025-12-30,420:WA:SNTL,Cougar Mountain,3210,3.0,11.0,31.3,0.0
2025-12-31,420:WA:SNTL,Cougar Mountain,3210,2.9,11.0,,0.0
2026-01-01,420:WA:SNTL,Cougar Mountain,3210,3.1,10.0,33.6,0.1
2026-01-02,420:WA:SNTL,Cougar Mountain,3210,2.7,9.0,42.8,0.4
2026-01-03,420:WA:SNTL,Cougar Mountain,3210,2.3,7.0,37.4,0.3
2026-01-04,420:WA:SNTL,Cougar Mountain,3210,2.6,7.0,33.1,0.9
2026-01-05,420:WA:SNTL,Cougar Mountain,3210,2.8,9.0,31.1,0.2
2026-01-06,420:WA:SNTL,Cougar Mountain,3210,4.1,15.0,31.3,1.2
2026-01-07,420:WA:SNTL,Cougar Mountain,3210,4.4,19.0,30.4,0.2
2026-01-08,420:WA:SNTL,Cougar Mountain,3210,4.8,19.0,33.1,0.4
2026-01-09,420:WA:SNTL,Cougar Mountain,3210,5.0,18.0,34.7,0.6
2026-01-10,420:WA:SNTL,Cougar Mountain,3210,4.9,17.0,38.5,0.0
2026-01-11,420:WA:SNTL,Cougar Mountain,3210,4.6,16.0,41.4,0.5
2026-01-12,420:WA:SNTL,Cougar Mountain,3210,4.0,12.0,46.6,0.0
2026-01-13,420:WA:SNTL,Cougar Mountain,3210,3.4,10.0,50.5,0.0
2026-01-14,420:WA:SNTL,Cougar Mountain,3210,3.0,9.0,41.0,0.0
2026-01-15,420:WA:SNTL,Cougar Mountain,3210,2.6,8.0,47.5,0.0
2026-01-16,420:WA:SNTL,Cougar Mountain,3210,2.0,6.0,47.1,0.0
2026-01-17,420:WA:SNTL,Cougar Mountain,3210,1.4,4.0,40.1,0.0
2026-01-18,420:WA:SNTL,Cougar Mountain,3210,1.0,2.0,51.4,0.0
2026-01-19,420:WA:SNTL,Cougar Mountain,3210,0.7,2.0,47.1,0.1
2026-01-20,420:WA:SNTL,Cougar Mountain,3210,0.4,1.0,34.7,0.2
2026-01-21,420:WA:SNTL,Cougar Mountain,3210,1.1,2.0,27.1,0.1
2026-01-22,420:WA:SNTL,Cougar Mountain,3210,1.3,2.0,25.0,0.0
2026-01-23,420:WA:SNTL,Cougar Mountain,3210,1.3,3.0,26.4,0.0
2026-01-24,420:WA:SNTL,Cougar Mountain,3210,1.5,3.0,33.6,0.0
2026-01-25,420:WA:SNTL,Cougar Mountain,3210,1.3,3.0,34.9,0.0
2026-01-26,420:WA:SNTL,Cougar Mountain,3210,1.4,2.0,37.2,0.0
2026-01-27,420:WA:SNTL,Cougar Mountain,3210,1.3,2.0,34.2,0.1
2026-01-28,420:WA:SNTL,Cougar Mountain,3210,1.2,2.0,38.7,0.5
2026-01-29,420:WA:SNTL,Cougar Mountain,3210,0.9,1.0,38.7,1.0
2026-01-30,420:WA:SNTL,Cougar Mountain,3210,0.5,1.0,43.3,0.4
2026-01-31,420:WA:SNTL,Cougar Mountain,3210,0.0,0.0,44.2,0.1
2026-02-01,420:WA:SNTL,Cougar Mountain,3210,0.0,0.0,37.0,0.6
2026-02-02,420:WA:SNTL,Cougar Mountain,3210,0.0,0.0,42.3,0.5
2026-02-03,420:WA:SNTL,Cougar Mountain,3210,0.0,0.0,43.9,0.0
2026-02-04,420:WA:SNTL,Cougar Mountain,3210,0.0,0.0,42.1,0.0
2026-02-05,420:WA:SNTL,Cougar Mountain,3210,0.0,0.0,41.5,0.0
2026-02-06,420:WA:SNTL,Cougar Mountain,3210,0.0,0.0,42.6,0.0
2026-02-07,420:WA:SNTL,Cougar Mountain,3210,0.0,0.0,40.5,0.8
2026-02-08,420:WA:SNTL,Cougar Mountain,3210,0.0,0.0,34.0,0.3
2026-02-09,420:WA:SNTL,Cougar Mountain,3210,0.0,0.0,34.0,0.3
2026-02-10,420:WA:SNTL,Cougar Mountain,3210,0.0,0.0,37.2,0.0
2026-02-11,420:WA:SNTL,Cougar Mountain,3210,0.0,0.0,38.7,0.0
2026-02-12,420:WA:SNTL,Cougar Mountain,3210,0.0,0.0,35.4,0.0
2026-02-13,420:WA:SNTL,Cougar Mountain,3210,0.0,0.0,32.7,0.4
2026-02-14,420:WA:SNTL,Cougar Mountain,3210,0.0,1.0,30.6,0.2
2026-02-15,420:WA:SNTL,Cougar Mountain,3210,0.0,1.0,32.2,0.0
2026-02-16,420:WA:SNTL,Cougar Mountain,3210,0.0,0.0,25.0,0.2
2026-02-17,420:WA:SNTL,Cougar Mountain,3210,0.5,4.0,27.7,0.2
2026-02-18,420:WA:SNTL,Cougar Mountain,3210,0.6,6.0,27.9,0.3
2026-02-19,420:WA:SNTL,Cougar Mountain,3210,0.6,4.0,22.8,0.1
2026-02-20,420:WA:SNTL,Cougar Mountain,3210,0.6,5.0,28.6,0.0
2026-02-21,420:WA:SNTL,Cougar Mountain,3210,0.7,5.0,34.7,0.0
2026-02-22,420:WA:SNTL,Cougar Mountain,3210,0.7,4.0,34.9,0.1
2026-02-23,420:WA:SNTL,Cougar Mountain,3210,1.1,5.0,32.4,0.6
2026-02-24,420:WA:SNTL,Cougar Mountain,3210,1.2,6.0,29.3,0.1
2026-02-25,420:WA:SNTL,Cougar Mountain,3210,1.2,6.0,31.6,0.0
2026-02-26,420:WA:SNTL,Cougar Mountain,3210,1.2,6.0,34.0,0.0
2026-02-27,420:WA:SNTL,Cougar Mountain,3210,1.1,5.0,,0.0
2026-02-28,420:WA:SNTL,Cougar Mountain,3210,1.1,5.0,37.9,0.0
2026-03-01,420:WA:SNTL,Cougar Mountain,3210,0.9,4.0,38.7,0.0
2026-03-02,420:WA:SNTL,Cougar Mountain,3210,0.8,4.0,39.7,0.0
2026-03-03,420:WA:SNTL,Cougar Mountain,3210,0.4,2.0,39.6,0.1
2026-03-04,420:WA:SNTL,Cougar Mountain,3210,0.7,3.0,35.8,1.5
2026-03-05,420:WA:SNTL,Cougar Mountain,3210,0.8,4.0,33.8,0.5
2026-03-06,420:WA:SNTL,Cougar Mountain,3210,0.5,3.0,40.5,0.7
2026-03-07,420:WA:SNTL,Cougar Mountain,3210,0.0,0.0,41.2,0.2
2026-03-08,420:WA:SNTL,Cougar Mountain,3210,0.0,0.0,29.5,1.3
2026-03-09,420:WA:SNTL,Cougar Mountain,3210,0.3,2.0,27.0,0.4
2026-03-10,420:WA:SNTL,Cougar Mountain,3210,0.6,6.0,30.7,0.3
2026-03-11,420:WA:SNTL,Cougar Mountain,3210,1.2,6.0,35.8,3.2
2026-03-12,420:WA:SNTL,Cougar Mountain,3210,2.5,15.0,30.9,2.0
2026-03-13,420:WA:SNTL,Cougar Mountain,3210,6.5,49.0,31.3,3.3
2026-03-14,420:WA:SNTL,Cougar Mountain,3210,6.7,46.0,25.3,0.9
2026-03-15,420:WA:SNTL,Cougar Mountain,3210,7.3,43.0,33.4,0.4
2026-03-16,420:WA:SNTL,Cougar Mountain,3210,7.3,37.0,44.2,0.2
2026-03-17,420:WA:SNTL,Cougar Mountain,3210,6.8,26.0,44.2,1.4
2026-03-18,420:WA:SNTL,Cougar Mountain,3210,6.0,18.0,44.8,0.8
2026-03-19,420:WA:SNTL,Cougar Mountain,3210,5.5,15.0,46.2,0.8
2026-03-20,420:WA:SNTL,Cougar Mountain,3210,4.6,13.0,37.8,1.3
2026-03-21,420:WA:SNTL,Cougar Mountain,3210,4.4,9.0,31.6,0.0
2026-03-22,420:WA:SNTL,Cougar Mountain,3210,4.3,13.0,31.6,0.0
2026-03-23,420:WA:SNTL,Cougar Mountain,3210,4.2,12.0,39.0,0.0
2026-03-24,420:WA:SNTL,Cougar Mountain,3210,3.8,11.0,36.5,1.4
2026-03-25,420:WA:SNTL,Cougar Mountain,3210,4.0,12.0,29.5,0.4
2026-03-26,420:WA:SNTL,Cougar Mountain,3210,4.0,13.0,37.4,0.0
2026-03-27,420:WA:SNTL,Cougar Mountain,3210,3.9,12.0,37.0,0.0
2026-03-28,420:WA:SNTL,Cougar Mountain,3210,3.8,11.0,32.4,0.0
2026-03-29,420:WA:SNTL,Cougar Mountain,3210,4.0,12.0,28.6,0.4
2026-03-30,420:WA:SNTL,Cougar Mountain,3210,4.0,12.0,35.1,0.0
2026-03-31,420:WA:SNTL,Cougar Mountain,3210,4.0,11.0,38.5,0.0
2026-04-01,420:WA:SNTL,Cougar Mountain,3210,4.0,11.0,32.7,0.5
2026-04-02,420:WA:SNTL,Cougar Mountain,3210,4.4,13.0,33.1,0.4
2026-04-03,420:WA:SNTL,Cougar Mountain,3210,4.2,12.0,36.3,0.0
2026-04-04,420:WA:SNTL,Cougar Mountain,3210,3.8,10.0,50.9,0.0
2026-04-05,420:WA:SNTL,Cougar Mountain,3210,2.7,6.0,50.2,0.0
2026-04-06,420:WA:SNTL,Cougar Mountain,3210,1.8,5.0,41.7,0.0
2026-04-07,420:WA:SNTL,Cougar Mountain,3210,1.4,5.0,34.2,
